time,master_s,slave1_s,slave2_s,slave3_s,master_velocity,slave1_velocity,slave2_velocity,slave3_velocity,desired_distance_slave1,desired_distance_slave2,desired_distance_slave3,distance_master_slave1,distance_slave1_slave2,distance_slave2_slave3,error_slave1,error_slave2,error_slave3
0.0,0.2,-7.3,-14.8,-22.3,2.0,2.0,2.0,2.0,7.5,7.5,7.5,7.5,7.500000000000001,7.5,0.0,8.881784197001252e-16,0.0
0.1,0.4,-7.1,-14.600000000000001,-22.1,2.0,2.0,2.0,2.0,7.5,7.5,7.5,7.5,7.500000000000002,7.5,0.0,1.7763568394002505e-15,0.0
0.2,0.6000000000000001,-6.8999999999999995,-14.400000000000002,-21.900000000000002,2.0,2.0,2.0,2.0,7.5,7.5,7.5,7.5,7.500000000000003,7.5,0.0,2.6645352591003757e-15,0.0
0.30000000000000004,0.8,-6.699999999999999,-14.200000000000003,-21.700000000000003,2.0,2.0,2.0,2.0,7.5,7.5,7.5,7.499999999999999,7.5000000000000036,7.5,-8.881784197001252e-16,3.552713678800501e-15,0.0
0.4,1.0,-6.499999999999999,-14.000000000000004,-21.500000000000004,2.0,2.0,2.0,2.0,7.5,7.5,7.5,7.499999999999999,7.500000000000004,7.5,-8.881784197001252e-16,4.440892098500626e-15,0.0
0.5,1.2,-6.299999999999999,-13.800000000000004,-21.300000000000004,2.0,2.0,2.0,2.0,7.5,7.5,7.5,7.499999999999999,7.500000000000005,7.5,-8.881784197001252e-16,5.329070518200751e-15,0.0
0.6,1.4,-6.099999999999999,-13.600000000000005,-21.100000000000005,2.0,2.0,2.0000000000000004,2.0,7.5,7.5,7.5,7.499999999999998,7.500000000000006,7.5,-1.7763568394002505e-15,6.217248937900877e-15,0.0
0.7,1.5999999999999999,-5.899999999999999,-13.400000000000006,-20.900000000000006,2.0,2.0,2.000000000000001,2.0,7.5,7.500000000000001,7.5,7.499999999999998,7.500000000000007,7.5,-1.7763568394002505e-15,6.217248937900877e-15,0.0
0.7999999999999999,1.7999999999999998,-5.699999999999998,-13.200000000000006,-20.700000000000006,2.0,2.0,2.0000000000000013,2.0,7.5,7.500000000000002,7.5,7.499999999999998,7.500000000000008,7.5,-1.7763568394002505e-15,6.217248937900877e-15,0.0
0.8999999999999999,1.9999999999999998,-5.499999999999998,-13.000000000000007,-20.500000000000007,2.0,2.0,2.0000000000000013,2.0,7.5,7.500000000000002,7.5,7.499999999999998,7.500000000000009,7.5,-1.7763568394002505e-15,7.105427357601002e-15,0.0
0.9999999999999999,2.1999999999999997,-5.299999999999998,-12.800000000000008,-20.300000000000008,2.0,2.0,2.0000000000000018,2.0,7.5,7.500000000000002,7.5,7.499999999999998,7.50000000000001,7.5,-1.7763568394002505e-15,7.993605777301127e-15,0.0
1.0999999999999999,2.4,-5.099999999999998,-12.600000000000007,-20.10000000000001,2.0,2.0,2.000000000000002,2.0,7.5,7.500000000000003,7.5,7.499999999999998,7.500000000000009,7.500000000000002,-1.7763568394002505e-15,6.217248937900877e-15,1.7763568394002505e-15
1.2,2.6,-4.899999999999998,-12.400000000000006,-19.90000000000001,2.0,2.0,2.000000000000002,2.0000000000000004,7.5,7.500000000000003,7.5,7.499999999999998,7.500000000000008,7.5000000000000036,-1.7763568394002505e-15,5.329070518200751e-15,3.552713678800501e-15
1.3,2.8000000000000003,-4.6999999999999975,-12.200000000000005,-19.70000000000001,2.0,2.0,2.000000000000002,2.000000000000001,7.5,7.500000000000003,7.500000000000001,7.499999999999998,7.500000000000007,7.500000000000005,-1.7763568394002505e-15,4.440892098500626e-15,4.440892098500626e-15
1.4000000000000001,3.0000000000000004,-4.499999999999997,-12.000000000000004,-19.50000000000001,2.0,2.0,2.000000000000002,2.0000000000000013,7.5,7.500000000000003,7.500000000000002,7.499999999999998,7.500000000000006,7.500000000000007,-1.7763568394002505e-15,3.552713678800501e-15,5.329070518200751e-15
1.5000000000000002,3.2000000000000006,-4.299999999999997,-11.800000000000002,-19.30000000000001,2.0,2.0,2.000000000000002,2.0000000000000018,7.5,7.500000000000003,7.500000000000002,7.499999999999998,7.500000000000005,7.500000000000009,-1.7763568394002505e-15,2.6645352591003757e-15,7.105427357601002e-15
1.6000000000000003,3.400000000000001,-4.099999999999997,-11.600000000000001,-19.100000000000012,2.0,2.0,2.000000000000002,2.000000000000002,7.5,7.500000000000003,7.500000000000003,7.499999999999998,7.500000000000004,7.500000000000011,-1.7763568394002505e-15,1.7763568394002505e-15,7.993605777301127e-15
1.7000000000000004,3.600000000000001,-3.899999999999997,-11.4,-18.900000000000013,2.0,2.0,2.000000000000002,2.0000000000000027,7.5,7.500000000000003,7.5000000000000036,7.499999999999998,7.5000000000000036,7.500000000000012,-1.7763568394002505e-15,8.881784197001252e-16,8.881784197001252e-15
1.8000000000000005,3.800000000000001,-3.6999999999999966,-11.2,-18.700000000000014,2.0,2.0,2.000000000000002,2.000000000000003,7.5,7.500000000000003,7.5000000000000036,7.499999999999998,7.500000000000003,7.500000000000014,-1.7763568394002505e-15,0.0,1.0658141036401503e-14
1.9000000000000006,4.000000000000001,-3.4999999999999964,-10.999999999999998,-18.500000000000014,2.0,2.0,2.000000000000002,2.0000000000000036,7.5,7.500000000000003,7.500000000000004,7.499999999999997,7.500000000000002,7.500000000000016,-2.6645352591003757e-15,-8.881784197001252e-16,1.1546319456101628e-14
2.0000000000000004,4.200000000000001,-3.2999999999999963,-10.799999999999997,-18.300000000000015,2.0,1.9999999999999998,2.0000000000000018,2.000000000000004,7.5,7.500000000000002,7.500000000000005,7.499999999999997,7.500000000000001,7.500000000000018,-2.6645352591003757e-15,-8.881784197001252e-16,1.2434497875801753e-14
2.1000000000000005,4.400000000000001,-3.099999999999996,-10.599999999999998,-18.100000000000016,2.0,1.9999999999999996,2.0000000000000018,2.0000000000000044,7.5,7.500000000000002,7.500000000000005,7.499999999999997,7.500000000000002,7.500000000000018,-2.6645352591003757e-15,0.0,1.2434497875801753e-14
2.2000000000000006,4.600000000000001,-2.899999999999996,-10.399999999999999,-17.900000000000016,2.0,1.9999999999999996,2.0000000000000018,2.000000000000005,7.5,7.500000000000002,7.500000000000006,7.499999999999997,7.500000000000003,7.500000000000018,-2.6645352591003757e-15,8.881784197001252e-16,1.1546319456101628e-14
2.3000000000000007,4.800000000000002,-2.6999999999999957,-10.2,-17.700000000000017,2.0,1.9999999999999996,2.0000000000000018,2.0000000000000053,7.5,7.500000000000002,7.500000000000007,7.499999999999997,7.5000000000000036,7.500000000000018,-2.6645352591003757e-15,1.7763568394002505e-15,1.0658141036401503e-14
2.400000000000001,5.000000000000002,-2.4999999999999956,-10.0,-17.500000000000018,2.0,1.9999999999999996,2.0000000000000018,2.0000000000000058,7.5,7.500000000000002,7.500000000000007,7.499999999999997,7.500000000000004,7.500000000000018,-2.6645352591003757e-15,2.6645352591003757e-15,1.0658141036401503e-14
2.500000000000001,5.200000000000002,-2.2999999999999954,-9.8,-17.30000000000002,2.0,1.9999999999999996,2.0000000000000018,2.0000000000000058,7.5,7.500000000000002,7.500000000000007,7.499999999999997,7.500000000000005,7.500000000000018,-2.6645352591003757e-15,3.552713678800501e-15,1.0658141036401503e-14
2.600000000000001,5.400000000000002,-2.099999999999995,-9.600000000000001,-17.10000000000002,2.0,1.9999999999999996,2.0000000000000018,2.0000000000000058,7.5,7.500000000000002,7.500000000000007,7.499999999999997,7.500000000000006,7.500000000000018,-2.6645352591003757e-15,4.440892098500626e-15,1.0658141036401503e-14
2.700000000000001,5.600000000000002,-1.8999999999999952,-9.400000000000002,-16.90000000000002,2.0,1.9999999999999996,2.0000000000000018,2.0000000000000058,7.5,7.500000000000002,7.500000000000007,7.499999999999997,7.500000000000007,7.500000000000018,-2.6645352591003757e-15,5.329070518200751e-15,1.0658141036401503e-14
2.800000000000001,5.8000000000000025,-1.6999999999999953,-9.200000000000003,-16.70000000000002,2.0,1.9999999999999996,2.0000000000000018,2.0000000000000058,7.5,7.500000000000002,7.500000000000007,7.499999999999998,7.500000000000007,7.500000000000018,-1.7763568394002505e-15,5.329070518200751e-15,1.0658141036401503e-14
2.9000000000000012,6.000000000000003,-1.4999999999999953,-9.000000000000004,-16.50000000000002,2.0,1.9999999999999996,2.0000000000000018,2.0000000000000058,7.5,7.500000000000002,7.500000000000007,7.499999999999998,7.500000000000008,7.500000000000018,-1.7763568394002505e-15,6.217248937900877e-15,1.0658141036401503e-14
3.0000000000000013,6.200000000000003,-1.2999999999999954,-8.800000000000004,-16.300000000000022,2.0,1.9999999999999996,2.0000000000000018,2.0000000000000058,7.5,7.500000000000002,7.500000000000007,7.499999999999998,7.500000000000009,7.500000000000018,-1.7763568394002505e-15,7.105427357601002e-15,1.0658141036401503e-14
3.1000000000000014,6.400000000000003,-1.0999999999999954,-8.600000000000005,-16.100000000000023,2.0,1.9999999999999996,2.0000000000000018,2.0000000000000058,7.5,7.500000000000002,7.500000000000007,7.499999999999998,7.50000000000001,7.500000000000018,-1.7763568394002505e-15,7.993605777301127e-15,1.0658141036401503e-14
3.2000000000000015,6.600000000000003,-0.8999999999999955,-8.400000000000006,-15.900000000000022,2.0,1.9999999999999996,2.0000000000000018,2.0000000000000058,7.5,7.500000000000002,7.500000000000007,7.499999999999998,7.500000000000011,7.500000000000016,-1.7763568394002505e-15,8.881784197001252e-15,8.881784197001252e-15
3.3000000000000016,6.800000000000003,-0.6999999999999955,-8.200000000000005,-15.70000000000002,2.0,1.9999999999999996,2.000000000000002,2.0000000000000058,7.5,7.500000000000003,7.500000000000007,7.499999999999999,7.500000000000009,7.500000000000016,-8.881784197001252e-16,6.217248937900877e-15,8.881784197001252e-15
3.4000000000000017,7.0000000000000036,-0.49999999999999556,-8.000000000000004,-15.50000000000002,2.0,1.9999999999999996,2.000000000000002,2.0000000000000058,7.5,7.500000000000003,7.500000000000007,7.499999999999999,7.500000000000008,7.500000000000016,-8.881784197001252e-16,5.329070518200751e-15,8.881784197001252e-15
3.5000000000000018,7.200000000000004,-0.2999999999999956,-7.800000000000003,-15.300000000000018,2.0,1.9999999999999996,2.000000000000002,2.0000000000000058,7.5,7.500000000000003,7.500000000000007,7.499999999999999,7.500000000000008,7.500000000000015,-8.881784197001252e-16,5.329070518200751e-15,7.993605777301127e-15
3.600000000000002,7.400000000000004,-0.09999999999999565,-7.600000000000003,-15.100000000000017,2.0,1.9999999999999996,2.000000000000002,2.0000000000000058,7.5,7.500000000000003,7.500000000000007,7.5,7.500000000000007,7.500000000000014,0.0,4.440892098500626e-15,7.105427357601002e-15
3.700000000000002,7.600000000000004,0.10000000000000431,-7.400000000000003,-14.900000000000016,2.0,1.9999999999999996,2.000000000000002,2.0000000000000058,7.5,7.500000000000003,7.500000000000007,7.5,7.500000000000007,7.500000000000013,0.0,4.440892098500626e-15,6.217248937900877e-15
3.800000000000002,7.800000000000004,0.30000000000000426,-7.200000000000003,-14.700000000000015,2.0,1.9999999999999996,2.000000000000002,2.0000000000000058,7.5,7.500000000000003,7.500000000000007,7.5,7.500000000000007,7.500000000000012,0.0,4.440892098500626e-15,5.329070518200751e-15
3.900000000000002,8.000000000000004,0.5000000000000042,-7.000000000000003,-14.500000000000014,2.0,1.9999999999999996,2.000000000000002,2.0000000000000058,7.5,7.500000000000003,7.500000000000007,7.499999999999999,7.500000000000007,7.5000000000000115,-8.881784197001252e-16,4.440892098500626e-15,4.440892098500626e-15
4.000000000000002,8.200000000000003,0.7000000000000042,-6.8000000000000025,-14.300000000000013,2.0,1.9999999999999996,2.000000000000002,2.0000000000000058,7.5,7.500000000000003,7.500000000000007,7.499999999999998,7.500000000000007,7.500000000000011,-1.7763568394002505e-15,4.440892098500626e-15,3.552713678800501e-15
4.100000000000001,8.400000000000002,0.9000000000000041,-6.600000000000002,-14.100000000000012,2.0,1.9999999999999996,2.000000000000002,2.0000000000000058,7.5,7.500000000000003,7.500000000000007,7.499999999999998,7.500000000000006,7.50000000000001,-1.7763568394002505e-15,3.552713678800501e-15,2.6645352591003757e-15
4.200000000000001,8.600000000000001,1.100000000000004,-6.400000000000002,-13.900000000000011,2.0,1.9999999999999996,2.000000000000002,2.0000000000000058,7.5,7.500000000000003,7.500000000000007,7.499999999999997,7.500000000000006,7.500000000000009,-2.6645352591003757e-15,3.552713678800501e-15,1.7763568394002505e-15
4.300000000000001,8.8,1.300000000000004,-6.200000000000002,-13.70000000000001,2.0,1.9999999999999996,2.000000000000002,2.0000000000000058,7.5,7.500000000000003,7.500000000000007,7.4999999999999964,7.500000000000006,7.500000000000008,-3.552713678800501e-15,3.552713678800501e-15,8.881784197001252e-16
4.4,9.0,1.500000000000004,-6.000000000000002,-13.500000000000009,2.0,1.9999999999999993,2.000000000000002,2.0000000000000053,7.499999999999999,7.500000000000003,7.500000000000007,7.4999999999999964,7.500000000000005,7.500000000000007,-2.6645352591003757e-15,2.6645352591003757e-15,0.0
4.5,9.2,1.700000000000004,-5.800000000000002,-13.300000000000008,2.0,1.9999999999999993,2.000000000000002,2.000000000000005,7.499999999999999,7.500000000000003,7.500000000000006,7.499999999999996,7.500000000000005,7.500000000000006,-3.552713678800501e-15,2.6645352591003757e-15,0.0
4.6,9.399999999999999,1.900000000000004,-5.600000000000001,-13.100000000000007,2.0,1.9999999999999991,2.000000000000002,2.000000000000005,7.499999999999999,7.500000000000003,7.500000000000006,7.499999999999995,7.500000000000005,7.500000000000005,-4.440892098500626e-15,2.6645352591003757e-15,-8.881784197001252e-16
4.699999999999999,9.599999999999998,2.1000000000000036,-5.400000000000001,-12.900000000000006,2.0,1.999999999999999,2.000000000000002,2.0000000000000044,7.499999999999998,7.500000000000003,7.500000000000005,7.499999999999995,7.500000000000005,7.500000000000004,-3.552713678800501e-15,2.6645352591003757e-15,-8.881784197001252e-16
4.799999999999999,9.799999999999997,2.3000000000000034,-5.200000000000001,-12.700000000000005,2.0,1.999999999999999,2.000000000000002,2.0000000000000044,7.499999999999998,7.500000000000003,7.500000000000005,7.499999999999994,7.500000000000004,7.5000000000000036,-4.440892098500626e-15,1.7763568394002505e-15,-1.7763568394002505e-15
4.899999999999999,9.999999999999996,2.500000000000003,-5.000000000000001,-12.500000000000004,2.0,1.9999999999999987,2.000000000000002,2.000000000000004,7.499999999999998,7.500000000000003,7.500000000000005,7.499999999999993,7.5000000000000036,7.500000000000003,-5.329070518200751e-15,8.881784197001252e-16,-2.6645352591003757e-15
4.999999999999998,10.199999999999996,2.700000000000003,-4.800000000000001,-12.300000000000002,2.0,1.9999999999999984,2.0000000000000018,2.0000000000000036,7.499999999999998,7.500000000000002,7.500000000000004,7.499999999999993,7.5000000000000036,7.500000000000002,-5.329070518200751e-15,1.7763568394002505e-15,-2.6645352591003757e-15
5.099999999999998,10.399999999999995,2.9000000000000026,-4.6000000000000005,-12.100000000000001,2.0,1.9999999999999982,2.0000000000000018,2.000000000000003,7.499999999999998,7.500000000000002,7.5000000000000036,7.499999999999993,7.5000000000000036,7.500000000000001,-5.329070518200751e-15,1.7763568394002505e-15,-2.6645352591003757e-15
5.1999999999999975,10.599999999999994,3.1000000000000023,-4.4,-11.9,2.0,1.999999999999998,2.0000000000000018,2.0000000000000027,7.499999999999997,7.500000000000002,7.5000000000000036,7.499999999999992,7.500000000000003,7.5,-5.329070518200751e-15,8.881784197001252e-16,-3.552713678800501e-15
5.299999999999997,10.799999999999994,3.300000000000002,-4.2,-11.7,2.0,1.999999999999998,2.0000000000000013,2.000000000000002,7.499999999999997,7.500000000000002,7.500000000000003,7.499999999999991,7.500000000000002,7.499999999999999,-6.217248937900877e-15,0.0,-3.552713678800501e-15
5.399999999999997,10.999999999999993,3.5000000000000018,-4.0,-11.5,2.0,1.9999999999999978,2.000000000000001,2.0000000000000018,7.499999999999997,7.500000000000001,7.500000000000002,7.499999999999991,7.500000000000002,7.5,-6.217248937900877e-15,8.881784197001252e-16,-1.7763568394002505e-15
5.4999999999999964,11.199999999999992,3.7000000000000015,-3.8,-11.3,2.0,1.9999999999999976,2.000000000000001,2.0000000000000018,7.4999999999999964,7.500000000000001,7.500000000000002,7.499999999999991,7.500000000000002,7.500000000000001,-5.329070518200751e-15,8.881784197001252e-16,-8.881784197001252e-16
5.599999999999996,11.399999999999991,3.9000000000000012,-3.5999999999999996,-11.100000000000001,2.0,1.9999999999999976,2.000000000000001,2.0000000000000018,7.4999999999999964,7.500000000000001,7.500000000000002,7.49999999999999,7.500000000000001,7.500000000000002,-6.217248937900877e-15,0.0,0.0
5.699999999999996,11.59999999999999,4.100000000000001,-3.3999999999999995,-10.900000000000002,2.0,1.9999999999999973,2.0000000000000004,2.0000000000000018,7.4999999999999964,7.5,7.500000000000002,7.499999999999989,7.500000000000001,7.500000000000003,-7.105427357601002e-15,8.881784197001252e-16,8.881784197001252e-16
5.799999999999995,11.79999999999999,4.300000000000001,-3.1999999999999993,-10.700000000000003,2.0,1.9999999999999971,2.0000000000000004,2.0000000000000018,7.4999999999999964,7.5,7.500000000000002,7.499999999999989,7.5,7.5000000000000036,-7.105427357601002e-15,0.0,1.7763568394002505e-15
5.899999999999995,11.99999999999999,4.5,-2.999999999999999,-10.500000000000004,2.0,1.999999999999997,2.0,2.0000000000000018,7.4999999999999964,7.5,7.500000000000002,7.499999999999989,7.499999999999999,7.500000000000004,-7.105427357601002e-15,-8.881784197001252e-16,2.6645352591003757e-15
5.999999999999995,12.199999999999989,4.699999999999999,-2.799999999999999,-10.300000000000004,2.0,1.999999999999997,1.9999999999999998,2.0000000000000018,7.4999999999999964,7.5,7.500000000000002,7.499999999999989,7.499999999999998,7.500000000000005,-7.105427357601002e-15,-1.7763568394002505e-15,3.552713678800501e-15
6.099999999999994,12.399999999999988,4.899999999999999,-2.5999999999999988,-10.100000000000005,2.0,1.999999999999997,1.9999999999999996,2.0000000000000018,7.4999999999999964,7.5,7.500000000000002,7.499999999999989,7.499999999999997,7.500000000000006,-7.105427357601002e-15,-2.6645352591003757e-15,4.440892098500626e-15
6.199999999999994,12.599999999999987,5.099999999999998,-2.399999999999999,-9.900000000000006,2.0,1.999999999999997,1.9999999999999991,2.0000000000000018,7.4999999999999964,7.499999999999999,7.500000000000002,7.499999999999989,7.4999999999999964,7.500000000000007,-7.105427357601002e-15,-2.6645352591003757e-15,5.329070518200751e-15
6.299999999999994,12.799999999999986,5.299999999999997,-2.1999999999999993,-9.700000000000006,2.0,1.999999999999997,1.999999999999999,2.0000000000000018,7.4999999999999964,7.499999999999998,7.500000000000002,7.499999999999989,7.4999999999999964,7.500000000000007,-7.105427357601002e-15,-1.7763568394002505e-15,5.329070518200751e-15
6.399999999999993,12.999999999999986,5.4999999999999964,-1.9999999999999993,-9.500000000000007,2.0,1.999999999999997,1.9999999999999987,2.0000000000000018,7.4999999999999964,7.499999999999998,7.500000000000002,7.499999999999989,7.499999999999996,7.500000000000008,-7.105427357601002e-15,-2.6645352591003757e-15,6.217248937900877e-15
6.499999999999993,13.199999999999985,5.699999999999996,-1.7999999999999994,-9.300000000000008,2.0,1.999999999999997,1.9999999999999984,2.0000000000000018,7.4999999999999964,7.499999999999998,7.500000000000002,7.499999999999989,7.499999999999995,7.500000000000009,-7.105427357601002e-15,-3.552713678800501e-15,7.105427357601002e-15
6.5999999999999925,13.399999999999984,5.899999999999995,-1.5999999999999996,-9.100000000000009,2.0,1.999999999999997,1.9999999999999982,2.0000000000000018,7.4999999999999964,7.499999999999998,7.500000000000002,7.499999999999989,7.499999999999995,7.500000000000009,-7.105427357601002e-15,-3.552713678800501e-15,7.105427357601002e-15
6.699999999999992,13.599999999999984,6.099999999999994,-1.4,-8.90000000000001,2.0,1.999999999999997,1.999999999999998,2.0000000000000018,7.4999999999999964,7.499999999999997,7.500000000000002,7.499999999999989,7.499999999999995,7.500000000000009,-7.105427357601002e-15,-2.6645352591003757e-15,7.105427357601002e-15
6.799999999999992,13.799999999999983,6.299999999999994,-1.2000000000000002,-8.70000000000001,2.0,1.999999999999997,1.9999999999999978,2.0000000000000018,7.4999999999999964,7.499999999999997,7.500000000000002,7.499999999999989,7.499999999999994,7.50000000000001,-7.105427357601002e-15,-3.552713678800501e-15,7.993605777301127e-15
6.8999999999999915,13.999999999999982,6.499999999999993,-1.0000000000000004,-8.50000000000001,2.0,1.999999999999997,1.9999999999999976,2.0000000000000018,7.4999999999999964,7.4999999999999964,7.500000000000002,7.499999999999989,7.499999999999993,7.500000000000011,-7.105427357601002e-15,-3.552713678800501e-15,8.881784197001252e-15
6.999999999999991,14.199999999999982,6.699999999999992,-0.8000000000000007,-8.300000000000011,2.0,1.999999999999997,1.9999999999999973,2.0000000000000018,7.4999999999999964,7.4999999999999964,7.500000000000002,7.499999999999989,7.499999999999993,7.500000000000011,-7.105427357601002e-15,-3.552713678800501e-15,8.881784197001252e-15
7.099999999999991,14.39999999999998,6.8999999999999915,-0.600000000000001,-8.100000000000012,2.0,1.999999999999997,1.9999999999999971,2.0000000000000018,7.4999999999999964,7.4999999999999964,7.500000000000002,7.499999999999989,7.499999999999993,7.500000000000011,-7.105427357601002e-15,-3.552713678800501e-15,8.881784197001252e-15
7.19999999999999,14.59999999999998,7.099999999999991,-0.40000000000000124,-7.900000000000012,2.0,1.999999999999997,1.999999999999997,2.0000000000000018,7.4999999999999964,7.4999999999999964,7.500000000000002,7.499999999999989,7.499999999999992,7.500000000000011,-7.105427357601002e-15,-4.440892098500626e-15,8.881784197001252e-15
7.29999999999999,14.79999999999998,7.29999999999999,-0.20000000000000157,-7.700000000000012,2.0,1.999999999999997,1.9999999999999967,2.0000000000000018,7.4999999999999964,7.4999999999999964,7.500000000000002,7.499999999999989,7.499999999999992,7.50000000000001,-7.105427357601002e-15,-4.440892098500626e-15,7.993605777301127e-15
7.39999999999999,14.999999999999979,7.499999999999989,-1.915134717478395e-15,-7.5000000000000115,2.0,1.999999999999997,1.9999999999999964,2.0000000000000018,7.4999999999999964,7.499999999999996,7.500000000000002,7.499999999999989,7.499999999999991,7.50000000000001,-7.105427357601002e-15,-4.440892098500626e-15,7.993605777301127e-15
7.499999999999989,15.199999999999978,7.699999999999989,0.1999999999999977,-7.300000000000011,2.0,1.999999999999997,1.9999999999999962,2.0000000000000018,7.4999999999999964,7.499999999999995,7.500000000000002,7.499999999999989,7.499999999999991,7.500000000000009,-7.105427357601002e-15,-3.552713678800501e-15,7.105427357601002e-15
7.599999999999989,15.399999999999977,7.899999999999988,0.39999999999999736,-7.100000000000011,2.0,1.999999999999997,1.999999999999996,2.0000000000000018,7.4999999999999964,7.499999999999995,7.500000000000002,7.499999999999989,7.49999999999999,7.500000000000009,-7.105427357601002e-15,-4.440892098500626e-15,7.105427357601002e-15
7.699999999999989,15.599999999999977,8.099999999999987,0.599999999999997,-6.900000000000011,2.0,1.999999999999997,1.9999999999999958,2.0000000000000018,7.4999999999999964,7.499999999999995,7.500000000000002,7.499999999999989,7.49999999999999,7.500000000000008,-7.105427357601002e-15,-4.440892098500626e-15,6.217248937900877e-15
7.799999999999988,15.799999999999976,8.299999999999986,0.7999999999999965,-6.700000000000011,2.0,1.999999999999997,1.9999999999999956,2.0000000000000018,7.4999999999999964,7.499999999999995,7.500000000000002,7.499999999999989,7.49999999999999,7.500000000000007,-7.105427357601002e-15,-4.440892098500626e-15,5.329070518200751e-15
7.899999999999988,15.999999999999975,8.499999999999986,0.999999999999996,-6.500000000000011,2.0,1.999999999999997,1.9999999999999953,2.0000000000000013,7.4999999999999964,7.499999999999995,7.500000000000002,7.499999999999989,7.499999999999989,7.500000000000007,-7.105427357601002e-15,-5.329070518200751e-15,5.329070518200751e-15
7.999999999999988,16.199999999999974,8.699999999999985,1.1999999999999955,-6.3000000000000105,2.0,1.999999999999997,1.9999999999999951,2.0000000000000013,7.4999999999999964,7.499999999999994,7.500000000000002,7.499999999999989,7.499999999999989,7.500000000000006,-7.105427357601002e-15,-4.440892098500626e-15,4.440892098500626e-15
8.099999999999987,16.399999999999974,8.899999999999984,1.399999999999995,-6.10000000000001,2.0,1.999999999999997,1.9999999999999951,2.000000000000001,7.4999999999999964,7.499999999999994,7.500000000000001,7.499999999999989,7.499999999999989,7.500000000000005,-7.105427357601002e-15,-4.440892098500626e-15,4.440892098500626e-15
8.199999999999987,16.599999999999973,9.099999999999984,1.5999999999999945,-5.90000000000001,2.0,1.999999999999997,1.9999999999999951,2.0000000000000004,7.4999999999999964,7.499999999999994,7.5,7.499999999999989,7.499999999999989,7.500000000000004,-7.105427357601002e-15,-4.440892098500626e-15,4.440892098500626e-15
8.299999999999986,16.799999999999972,9.299999999999983,1.799999999999994,-5.70000000000001,2.0,1.999999999999997,1.9999999999999951,2.0000000000000004,7.4999999999999964,7.499999999999994,7.5,7.499999999999989,7.499999999999989,7.5000000000000036,-7.105427357601002e-15,-4.440892098500626e-15,3.552713678800501e-15
8.399999999999986,16.99999999999997,9.499999999999982,1.9999999999999936,-5.50000000000001,2.0,1.999999999999997,1.9999999999999951,2.0,7.4999999999999964,7.499999999999994,7.5,7.499999999999989,7.4999999999999885,7.5000000000000036,-7.105427357601002e-15,-5.329070518200751e-15,3.552713678800501e-15
8.499999999999986,17.19999999999997,9.699999999999982,2.199999999999993,-5.30000000000001,2.0,1.999999999999997,1.999999999999995,1.9999999999999998,7.4999999999999964,7.499999999999994,7.5,7.499999999999989,7.4999999999999885,7.500000000000003,-7.105427357601002e-15,-5.329070518200751e-15,2.6645352591003757e-15
8.599999999999985,17.39999999999997,9.89999999999998,2.3999999999999924,-5.100000000000009,2.0,1.999999999999997,1.999999999999995,1.9999999999999996,7.4999999999999964,7.499999999999994,7.5,7.499999999999989,7.4999999999999885,7.500000000000002,-7.105427357601002e-15,-5.329070518200751e-15,1.7763568394002505e-15
8.699999999999985,17.59999999999997,10.09999999999998,2.5999999999999917,-4.900000000000009,2.0,1.999999999999997,1.999999999999995,1.9999999999999993,7.4999999999999964,7.499999999999994,7.499999999999999,7.499999999999989,7.4999999999999885,7.500000000000001,-7.105427357601002e-15,-5.329070518200751e-15,1.7763568394002505e-15
8.799999999999985,17.79999999999997,10.29999999999998,2.799999999999991,-4.700000000000009,2.0,1.999999999999997,1.999999999999995,1.9999999999999991,7.4999999999999964,7.499999999999994,7.499999999999999,7.499999999999989,7.4999999999999885,7.5,-7.105427357601002e-15,-5.329070518200751e-15,8.881784197001252e-16
8.899999999999984,17.999999999999968,10.499999999999979,2.9999999999999902,-4.500000000000009,2.0,1.999999999999997,1.999999999999995,1.999999999999999,7.4999999999999964,7.499999999999994,7.499999999999998,7.499999999999989,7.4999999999999885,7.499999999999999,-7.105427357601002e-15,-5.329070518200751e-15,8.881784197001252e-16
8.999999999999984,18.199999999999967,10.699999999999978,3.1999999999999895,-4.300000000000009,2.0,1.999999999999997,1.999999999999995,1.9999999999999987,7.4999999999999964,7.499999999999994,7.499999999999998,7.499999999999989,7.4999999999999885,7.499999999999998,-7.105427357601002e-15,-5.329070518200751e-15,0.0
9.099999999999984,18.399999999999967,10.899999999999977,3.399999999999989,-4.1000000000000085,2.0,1.999999999999997,1.999999999999995,1.9999999999999984,7.4999999999999964,7.499999999999994,7.499999999999998,7.499999999999989,7.4999999999999885,7.499999999999997,-7.105427357601002e-15,-5.329070518200751e-15,-8.881784197001252e-16
9.199999999999983,18.599999999999966,11.099999999999977,3.599999999999988,-3.900000000000009,2.0,1.999999999999997,1.999999999999995,1.9999999999999982,7.4999999999999964,7.499999999999994,7.499999999999998,7.499999999999989,7.4999999999999885,7.4999999999999964,-7.105427357601002e-15,-5.329070518200751e-15,-1.7763568394002505e-15
9.299999999999983,18.799999999999965,11.299999999999976,3.7999999999999874,-3.700000000000009,2.0,1.999999999999997,1.999999999999995,1.9999999999999978,7.4999999999999964,7.499999999999994,7.499999999999997,7.499999999999989,7.4999999999999885,7.4999999999999964,-7.105427357601002e-15,-5.329070518200751e-15,-8.881784197001252e-16
9.399999999999983,18.999999999999964,11.499999999999975,3.9999999999999867,-3.5000000000000093,2.0,1.999999999999997,1.999999999999995,1.9999999999999976,7.4999999999999964,7.499999999999994,7.4999999999999964,7.499999999999989,7.4999999999999885,7.4999999999999964,-7.105427357601002e-15,-5.329070518200751e-15,0.0
9.499999999999982,19.199999999999964,11.699999999999974,4.199999999999986,-3.3000000000000096,2.0,1.999999999999997,1.999999999999995,1.9999999999999973,7.4999999999999964,7.499999999999994,7.4999999999999964,7.499999999999989,7.4999999999999885,7.499999999999996,-7.105427357601002e-15,-5.329070518200751e-15,-8.881784197001252e-16
9.599999999999982,19.399999999999963,11.899999999999974,4.399999999999985,-3.10000000000001,2.0,1.999999999999997,1.999999999999995,1.9999999999999971,7.4999999999999964,7.499999999999994,7.4999999999999964,7.499999999999989,7.4999999999999885,7.499999999999995,-7.105427357601002e-15,-5.329070518200751e-15,-1.7763568394002505e-15
9.699999999999982,19.599999999999962,12.099999999999973,4.5999999999999845,-2.90000000000001,2.0,1.999999999999997,1.999999999999995,1.999999999999997,7.4999999999999964,7.499999999999994,7.4999999999999964,7.499999999999989,7.4999999999999885,7.499999999999995,-7.105427357601002e-15,-5.329070518200751e-15,-1.7763568394002505e-15
9.799999999999981,19.79999999999996,12.299999999999972,4.799999999999984,-2.7000000000000104,2.0,1.999999999999997,1.999999999999995,1.9999999999999967,7.4999999999999964,7.499999999999994,7.4999999999999964,7.499999999999989,7.4999999999999885,7.499999999999995,-7.105427357601002e-15,-5.329070518200751e-15,-1.7763568394002505e-15
9.89999999999998,19.99999999999996,12.499999999999972,4.999999999999983,-2.5000000000000107,2.0,1.999999999999997,1.999999999999995,1.9999999999999964,7.4999999999999964,7.499999999999994,7.499999999999996,7.499999999999989,7.4999999999999885,7.499999999999994,-7.105427357601002e-15,-5.329070518200751e-15,-1.7763568394002505e-15
9.99999999999998,20.19999999999996,12.69999999999997,5.199999999999982,-2.300000000000011,2.0,1.999999999999997,1.999999999999995,1.9999999999999962,7.4999999999999964,7.499999999999994,7.499999999999995,7.499999999999989,7.4999999999999885,7.499999999999993,-7.105427357601002e-15,-5.329070518200751e-15,-1.7763568394002505e-15
10.09999999999998,20.39849999999996,12.89999999999997,5.399999999999982,-2.100000000000011,1.985,1.999999999999997,1.999999999999995,1.999999999999996,7.4999999999999964,7.499999999999994,7.499999999999995,7.498499999999989,7.4999999999999885,7.499999999999993,-0.0015000000000071623,-5.329070518200751e-15,-1.7763568394002505e-15
10.19999999999998,20.59549999999996,13.09987249999997,5.599999999999981,-1.9000000000000117,1.9700000000000002,1.9987249999999968,1.999999999999995,1.9999999999999958,7.498406249999996,7.499999999999994,7.499999999999995,7.495627499999989,7.499872499999989,7.499999999999993,-0.0027787500000071574,-0.0001275000000049431,-1.7763568394002505e-15
10.29999999999998,20.790999999999958,13.299501306249969,5.799989162499981,-1.7000000000000122,1.9550000000000003,1.9962880624999966,1.9998916249999947,1.9999999999999956,7.495360078124996,7.499864531249994,7.499999999999995,7.491498693749989,7.499512143749988,7.499989162499993,-0.0038613843750070487,-0.00035238750000576857,-1.0837500001414924e-05
10.399999999999979,20.984999999999957,13.498780501078093,5.99994773456248,-1.5000009211875125,1.9400000000000004,1.9927919482812466,1.9995857206249945,1.9999907881249954,7.490989935351559,7.499482150781243,7.499988485156244,7.486219498921864,7.498832766515613,7.499948655749993,-0.004770436429694769,-0.0006493842656301041,-3.9829406251357113e-05
10.499999999999979,21.177499999999956,13.697613508137819,6.199848709524901,-1.3000052820620442,1.9250000000000005,1.9883300705972622,1.9990097496242132,1.9999563912546827,7.485412588246578,7.498762187030266,7.499945489068353,7.479886491862137,7.497764798612917,7.499853991586946,-0.005526096384440571,-0.0009973884173488656,-9.149748140746539e-05
10.599999999999978,21.368499999999955,13.895912244150844,6.399659260113021,-1.1000176735570268,1.9100000000000006,1.9829873601302592,1.9981055058811896,1.999876085050175,7.478734200162824,7.497631882351487,7.499845106312719,7.47258775584911,7.496252984037824,7.499676933670047,-0.006146444313714028,-0.0013788983136633348,-0.0001681726426721042
10.699999999999978,21.557999999999954,14.09359634906126,6.599341971043564,-0.9000450705485745,1.8950000000000007,1.9768410491041528,1.996827109305432,1.9997260300845225,7.471051311380191,7.49603388663179,7.499657537605653,7.464403650938694,7.494254378017696,7.499387041592138,-0.006647660441497116,-0.0017795086140939276,-0.0002704960135151424
10.799999999999978,21.745999999999952,14.290592487276633,6.798855895949426,-0.7000970113864226,1.8800000000000008,1.9699613821537458,1.9951392490586248,1.9994805916215195,7.462451727692182,7.4939240613232805,7.4993507395269,7.455407512723319,7.491736591327207,7.498952907335849,-0.007044214968862761,-0.0021874699960733324,-0.00039783219105071765
10.899999999999977,21.93249999999995,14.486833713359934,6.998157460570069,-0.500185672125729,1.8650000000000009,1.962412260833003,1.9930156462064308,1.9991133926069353,7.453015326041253,7.491269557758038,7.498891740758669,7.445666286640018,7.4886762527898645,7.498343132695798,-0.0073490394012356575,-0.002593304968173449,-0.0005486080628713808
10.999999999999977,22.11749999999995,14.682258896159563,7.197201231582884,-0.3003258578765538,1.850000000000001,1.954251827996301,1.9904377101281479,1.9985981424917514,7.4428147849953765,7.488047137660185,7.498247678114689,7.4352411038403865,7.485057664576679,7.497527089459438,-0.00757368115499002,-0.0029894730835060557,-0.0007205886552510421
11.099999999999977,22.30099999999995,14.876812195929448,7.395940568173227,-0.10053493002956373,1.835000000000001,1.9455329976988476,1.9873933659034249,1.9979092784699006,7.43191624712356,7.484241707379281,7.497386598087376,7.424187804070501,7.480871627756221,7.496475498202791,-0.0077284430530593085,-0.0033700796230604624,-0.0009110998845844875
11.199999999999976,22.482999999999947,15.070442589502477,7.594328171419818,0.09916731501747161,1.8200000000000012,1.936303935730287,1.9838760324659057,1.9970224504703533,7.420379919662858,7.479845040582382,7.496278063087942,7.41255741049747,7.476114418082659,7.495160856402347,-0.00782250916538807,-0.003730622499722891,-0.001117206685595562
11.299999999999976,22.663499999999946,15.263103439043837,7.792316544780025,0.2987588026870434,1.8050000000000013,1.9266084954135947,1.97988373360207,1.9959148766957178,7.4082606192669935,7.474854667002587,7.494893595869647,7.400396560956109,7.470786894263812,7.493557742092982,-0.007864058310884658,-0.004067772738775233,-0.0013358537766654521
11.399999999999975,22.842499999999944,15.454752100330333,7.98985837737103,0.49821536194298266,1.7900000000000014,1.916486612864963,1.9754183259100533,1.9945655925593926,7.3956082660812035,7.469272907387566,7.493206990699241,7.387747899669611,7.464893722959303,7.491643015428048,-0.0078603664115926,-0.004379184428263017,-0.0015639752711926747
11.499999999999975,23.019999999999943,15.645349566881851,8.186906860335533,0.6975109231893712,1.7750000000000015,1.9059746655151864,1.9704848296450328,1.9929556124638859,7.382468331893983,7.463106037056291,7.491194515579857,7.3746504331180915,7.458442706546318,7.489395937146162,-0.00781789877589123,-0.004663330509973029,-0.0017985784336955746
11.599999999999975,23.19599999999994,15.83486014661537,8.383415945334448,0.8966177252810406,1.7600000000000016,1.895105797335177,1.9650908499891464,1.9910680209166929,7.368882246668971,7.456363562486433,7.488835026145866,7.3611398533845716,7.451444201280921,7.486798220053408,-0.007742393284399185,-0.004919361205511841,-0.0020368060924580433
11.699999999999974,23.370499999999943,16.023251168003785,8.579340553106103,1.0955065259748271,1.7450000000000017,1.883910213884143,1.9592460777165532,1.9888880069378663,7.354887767355178,7.449057597145691,7.486110008672332,7.347248831996158,7.443910614897682,7.483834027131277,-0.007638935359020493,-0.005146982248009024,-0.0022759815410555717
11.799999999999974,23.543499999999945,16.21049271300433,8.77463673905586,1.294146811327138,1.7300000000000018,1.8724154500054606,1.95296185949756,1.9864028535231084,7.340519312506826,7.44120232437195,7.483003566903886,7.333007286995613,7.435855973948472,7.480489927728721,-0.007512025511212883,-0.005346350423478086,-0.0025136391751647835
11.899999999999974,23.714999999999947,16.39655737427728,8.969261821977561,1.4925070005313685,1.7150000000000019,1.8606466127294632,1.9462508292170182,1.9836018920423062,7.325808265911829,7.432813536521273,7.479502365052882,7.318442625722668,7.427295552299718,7.4767548214461925,-0.007365640189161304,-0.005517984221555139,-0.0027475436066897174
11.999999999999973,23.88499999999995,16.581420034447444,9.163174481246255,1.6905546435149634,1.700000000000002,1.8486266017016482,1.939126592686936,1.9804764298359487,7.31078325212706,7.423908240858671,7.475595537294936,7.303579965552505,7.418245553201189,7.472619837731291,-0.007203286574555712,-0.005662687657482124,-0.0029756995636445183
12.099999999999973,24.05349999999995,16.765057665371124,9.356334827148778,1.888256609303548,1.685000000000002,1.8363763092367886,1.931603459025239,1.9770196578858454,7.295470386545986,7.414504323781548,7.471274572357307,7.288442334628826,7.408722838222346,7.46807821784523,-0.007028051917160383,-0.005781485559202437,-0.00319635451207656
12.199999999999973,24.22049999999995,16.947449145561322,9.548704448425198,2.0855792637286874,1.6700000000000021,1.8239148019019877,1.9236962127642028,1.973226544251393,7.279893502377485,7.404620265955254,7.466533180314242,7.27305085443863,7.398744697136124,7.46312518469651,-0.006842647938855251,-0.005875568819130095,-0.0034079956177315296
12.299999999999972,24.385999999999953,17.12857509409661,9.740246440570624,2.2824886355238405,1.6550000000000022,1.811259485352886,1.915419921454269,1.969093717951531,7.264074356691108,7.394274901817836,7.461367147439414,7.257424905903342,7.388328653525987,7.457757805046784,-0.006649450787765687,-0.005946248291849088,-0.0036093423926297774
12.399999999999972,24.549999999999955,17.30841771949514,9.930925417985781,2.4789505702350523,1.6400000000000023,1.7984262539852671,1.906789774151566,1.9646193471121187,7.248032817481584,7.383487217689458,7.455774183890148,7.241582280504815,7.377492301509358,7.451974847750729,-0.006450536976768895,-0.005994916180100063,-0.003799336139419296
12.499999999999972,24.712499999999956,17.4869606821769,10.120707512658708,2.6749308716818825,1.6250000000000024,1.7854296268176075,1.897820946729257,1.9598030144683036,7.231787033522009,7.3722761834115715,7.44975376808538,7.225539317823056,7.366253169518192,7.445776640976826,-0.0062477156989526605,-0.0060230138933796695,-0.003977127108553802
12.599999999999971,24.873499999999957,17.664188969265624,10.309560361702873,2.8703954309512576,1.6100000000000025,1.7722828708872516,1.8885284904416562,1.9546455926937523,7.215353588609064,7.360660613052071,7.443306990867191,7.209311030734334,7.35462860756275,7.439164930751616,-0.006042557874730292,-0.006032005489320369,-0.004142060115574608
12.69999999999997,25.03299999999996,17.840088780597878,10.497453085763157,3.065310343102038,1.5950000000000026,1.7589981133225352,1.8789272406028377,1.9491491215078058,7.198747641653169,7.348659050753547,7.436436401884757,7.192911219402081,7.342635694834721,7.432142742661119,-0.005836422251087825,-0.006023355918825857,-0.004293659223638002
12.79999999999997,25.19099999999996,18.014647424912294,10.684356260025604,3.259642011909461,1.5800000000000027,1.745586443144178,1.8690317426244722,1.9433166880742265,7.181983053930223,7.33628967828059,7.429145860092783,7.176352575087666,7.33029116488669,7.424714248116143,-0.005630478842556741,-0.005998513393899785,-0.004431611976640326
12.89999999999997,25.34749999999996,18.187853225287345,10.870241879325238,3.4533572430934023,1.5650000000000028,1.7320580037505162,1.8588561929963536,1.9371523118394143,7.165072504688146,7.3235702412454415,7.421440389799268,7.159646774712616,7.317611345962106,7.416884636231837,-0.005425729975529592,-0.005958895283335153,-0.004555753567431431
12.99999999999997,25.502499999999962,18.359695432982516,11.055083318634491,3.6464233265587622,1.550000000000003,1.7184220769516987,1.8484143930925199,1.9306608346535978,7.148027596189623,7.31051799136565,7.413326043316998,7.142804567017446,7.304612114348025,7.408659992075728,-0.005223029172176652,-0.005905877017625016,-0.004666051241269287
13.09999999999997,25.655999999999963,18.53016414891621,11.238855290029528,3.838808108235427,1.535000000000003,1.7046871593369541,1.837719713950373,1.9238478167666482,7.130858949171193,7.297149642437966,7.404809770958311,7.125835851083753,7.291308858886682,7.400047181794101,-0.005023098087439948,-0.0058407835512843675,-0.004762589164209352
13.199999999999969,25.807999999999964,18.699250252084774,11.421533797069902,4.030480052143741,1.5200000000000031,1.690861031685626,1.8267850704037352,1.9167194390831357,7.113576289607033,7.283481338004669,7.395899298853919,7.108749747915191,7.277716455014872,7.391053744926161,-0.004826541691842046,-0.005764882989796938,-0.004845553927758317
13.299999999999969,25.958499999999965,18.86694533429139,11.603096087385582,4.22140829333298,1.5050000000000032,1.6769508220661842,1.8156229031567965,1.9092824118923957,7.09618852758273,7.269528628945995,7.386603014865495,7.091554665708575,7.263849246905808,7.381687794052602,-0.004633861874155265,-0.005679382040186809,-0.004915220812892862
13.399999999999968,26.107499999999966,19.033241640612108,11.783520604142335,4.41156268234827,1.4900000000000033,1.662963063207182,1.8042451675675382,1.9015438901529031,7.078703829008978,7.2553064594594225,7.376929862691129,7.0742583593878585,7.249721036469772,7.371957921794065,-0.004445469621119358,-0.005585422989650368,-0.004971940897063654
13.499999999999968,26.254999999999967,19.198132015079064,11.962786936949259,4.600913821878392,1.4750000000000034,1.6489037446695516,1.7926633280692272,1.8935113953012208,7.06112968083694,7.240829160086534,7.366889244126526,7.056867984920903,7.235345078129805,7.361873115070867,-0.004261695916037311,-0.005484081956728559,-0.005016129055658958
13.599999999999968,26.400999999999968,19.361609851109083,12.1408757726792,4.78943309622538,1.4600000000000035,1.634778360300186,1.7808883572994167,1.8851927434698783,7.043472950375232,7.226110446624271,7.3564909293373475,7.0393901488908845,7.220734078429883,7.35144267645382,-0.004082801484347698,-0.005376368194387915,-0.005048252883527837
13.699999999999967,26.54549999999997,19.523669046249278,12.317768846592175,4.977092694218587,1.4450000000000036,1.620591951401954,1.7689307391297588,1.876595979932065,7.025739939252443,7.211163423912199,7.345744974915082,7.02183095375069,7.205900199657103,7.340676152373588,-0.003908985501752227,-0.005263224255095622,-0.0050688225414941
13.799999999999967,26.68849999999997,19.684303960850748,12.493448894082054,5.163865626172668,1.4300000000000037,1.6063491460147103,1.7568004748987798,1.8677293195408058,7.007936432518388,7.1960005936234746,7.334661649426007,7.004196039149221,7.190855066768695,7.329583267909386,-0.0037403933691670943,-0.00514552685477998,-0.0050783815166211
13.899999999999967,26.82999999999997,19.843509380317254,12.667899603306585,5.349725735462029,1.4150000000000038,1.5920541946650755,1.7445070922453152,1.8586010928936127,6.990067743331345,7.180633865306644,7.323251366117016,6.986490619682716,7.175609777010669,7.318173867844556,-0.0035771236486290547,-0.0050240882959755595,-0.005077498272459735
13.999999999999966,26.96999999999997,20.001280480608198,12.841105568908995,5.534647705254842,1.400000000000004,1.5777110029094383,1.7320596560240973,1.849219697928126,6.9721387536367985,7.1650745700301215,7.3115246224101575,6.968719519391772,7.160174911699203,7.3064578636541535,-0.0034192342450261037,-0.004899658330918655,-0.005066758756004042
14.099999999999966,27.10849999999997,20.15761279670464,13.013052246994834,5.718607060918642,1.385000000000004,1.5633231609644322,1.7194667808583786,1.8395935566380035,6.954153951205541,7.149333476072973,7.299491945797504,6.950887203295331,7.144560549709807,7.294445186076191,-0.0032667479102101993,-0.0047729263631666186,-0.0050467597213126325
14.199999999999966,27.24549999999997,20.312502193773817,13.183725911489704,5.901580168577599,1.370000000000004,1.5488939706917675,1.7067366449487045,1.8297310765895678,6.93611746336471,7.133420806185881,7.287163845736959,6.932997806226155,7.128776282284113,7.282145742912105,-0.0031196571385549987,-0.004644523901768061,-0.005018102824854154
14.299999999999965,27.380999999999972,20.465944840791767,13.35311361197101,6.083544230269305,1.3550000000000042,1.5344264701794987,1.6938770048130611,1.819640616917056,6.918033087724373,7.117346256016326,7.27455077114632,6.915055159208205,7.112831228820758,7.269569381701705,-0.0029779285161684044,-0.0045150271955680665,-0.004981389444615125
14.399999999999965,27.514999999999972,20.6179371864057,13.521203133039268,6.264477276116955,1.3400000000000043,1.5199234561393307,1.6808952106825978,1.8093304584765058,6.899904320174164,7.101119013353247,7.261663073095632,6.897062813594271,7.096734053366433,7.256725856922313,-0.002841506579892794,-0.0043849599868144296,-0.004937216173319214
14.499999999999964,27.647499999999972,20.76847593683762,13.687982955271249,6.444358153901388,1.3250000000000044,1.50538750431919,1.6677982223197958,1.7988087778443271,6.881734380398988,7.084747777899745,7.248510972305409,6.879024063162351,7.080492981566373,7.243624801369861,-0.002710317236636506,-0.004254796333372113,-0.0048861709355483285
14.599999999999964,27.778499999999973,20.917558035648803,13.853442217777557,6.623166516386947,1.3100000000000045,1.4908209881118233,1.6545926250630787,1.7880836248555871,6.863526235139779,7.068240781328848,7.235104531069484,6.86094196435117,7.0641158178712455,7.23027570139061,-0.002584270788609011,-0.004124963457602604,-0.0048288296788738805
14.699999999999964,27.907999999999973,21.065180645201146,14.017570682370968,6.800882806725771,1.2950000000000046,1.4762260955234474,1.6412846459340982,1.7771629033882428,6.845282619404309,7.051605807417623,7.221453629235303,6.842819354798827,7.047609962830178,7.216687875645197,-0.002463264605482074,-0.003995844587445063,-0.0047657535901066694
14.799999999999963,28.035999999999973,21.211341129666277,14.180358699338155,6.977488242237012,1.2800000000000047,1.461604844651298,1.6278801696718739,1.766054355112406,6.827006055814122,7.034850212089842,7.207567943890508,6.824658870333696,7.030982430328121,7.2028704571011435,-0.002347185480426006,-0.0038677817617207566,-0.004697486789364547
14.899999999999963,28.162499999999973,21.356037039446793,14.341797174796369,7.152964796830782,1.2650000000000048,1.4469590978051732,1.6143847545821417,1.7547655459376952,6.808698872256467,7.017980943227677,7.193456932422119,6.80646296055318,7.014239864650424,7.188832377965587,-0.0022359117032868525,-0.003741078577252921,-0.004624554456531982
14.999999999999963,28.287499999999973,21.499266096886352,14.50187753960748,7.327295182321424,1.2500000000000049,1.4322905743955954,1.6008036481111216,1.7433038549064244,6.790363217994495,7.001004560138902,7.17912981863303,6.788233903113621,6.997388557278871,7.174582357286057,-0.002129314880873423,-0.0036160028600313865,-0.004547461346973591
15.099999999999962,28.412499999999973,21.64102618315634,14.660591719814569,7.500462828850969,1.2500000000000049,1.4176008626999044,1.587141802070878,1.7316764652954515,6.77200107837488,6.983927252588598,7.164595581619315,6.771473816843631,6.980434463341773,7.1601288909636,-0.0005272615312490458,-0.0034927892468248345,-0.0044666906557147
15.199999999999962,28.537499999999973,21.781442826217077,14.817932108560456,7.672451864621439,1.2500000000000049,1.40416643060735,1.573403887458859,1.7198903577046998,6.7552080382591875,6.966754859323574,7.149862947130875,6.756057173782896,6.9635107176566216,7.145480243939017,0.0008491355237083553,-0.003244141666952416,-0.004382703191858184
15.299999999999962,28.662499999999973,21.920630383510574,14.973902376943194,7.843247095113983,1.2500000000000049,1.391875572934948,1.5597026838273906,1.7079523049254397,6.739844466168685,6.949628354784238,7.1349403811568,6.741869616489399,6.94672800656738,7.130655281829211,0.002025150320714708,-0.0029003482168583616,-0.004285099327589137
15.399999999999961,28.787499999999973,22.058693061972193,15.12851552669771,8.012834903141105,1.2500000000000049,1.3806267846161882,1.5461314975451523,1.6958780802712163,6.725783480770235,6.93266437193144,7.11984760033902,6.72880693802778,6.930177535274483,7.115680623556605,0.003023457257545381,-0.0024868366569572586,-0.00416697678241551
15.499999999999961,28.912499999999973,22.19572584344317,15.281792204565509,8.181203903622507,1.2500000000000049,1.3703278147097708,1.5327667786779873,1.6836900048140104,6.712909768387213,6.915958473347484,7.104612506017514,6.716774156556802,6.913933638877662,7.100588300943002,0.003864388169589006,-0.0020248344698217124,-0.0040242050745114
15.59999999999996,29.037499999999973,22.331815324337317,15.433759246549213,8.348345397269448,1.2500000000000049,1.360894808941469,1.5196704198370388,1.671414936469403,6.701118511176836,6.899588024796298,7.089268670586754,6.705684675662656,6.8980560777881035,7.085413849279766,0.0045661644858201456,-0.0015319470081944786,-0.003854821306988221
15.69999999999996,29.162499999999973,22.467040477582362,15.584448423910711,8.514253660676793,1.2500000000000049,1.352251532450443,1.5068917736149834,1.6590826340734646,6.690314415563053,6.883614717018729,7.0738532925918305,6.695459522417611,6.882592053671651,7.070194763233918,0.005145106854557824,-0.0010226633470784563,-0.0036585293579127764
15.79999999999996,29.287499999999973,22.601473344102075,15.733895366026157,8.678926104553682,1.2500000000000049,1.3443286651971358,1.4944694211544662,1.6467244387688904,6.6804108314964195,6.868086776443083,7.0584055484611135,6.686026655897898,6.867577978075918,7.0549692614724755,0.005615824401478342,-0.0005087983671652196,-0.00343628698863796
15.89999999999996,29.412499999999973,22.73517966042222,15.88213863810211,8.842363326854713,1.2500000000000049,1.3370631632014391,1.4824327207595216,1.6343722230103046,6.671328954001799,6.853040900949402,7.042965278762881,6.677320339577754,6.8530410223201095,7.039775311247396,0.005991385575955022,1.213707072622583e-07,-0.003189967515484504
15.99999999999996,29.537499999999973,22.868219428364633,16.02921895432445,9.00456908330016,1.2500000000000049,1.3303976794241221,1.4708031622234103,1.6220575644544677,6.662997099280153,6.838503952779263,7.027571955568085,6.6692805716353405,6.8390004740401835,7.024649871024289,0.006283472355187669,0.0004965212609207015,-0.002922084543795833
16.09999999999996,29.662499999999973,23.00064743223343,16.1751785092907,9.16555019410504,1.2500000000000049,1.324280038687952,1.4595955496625133,1.6098111080487933,6.65535004835994,6.824494437078141,7.0122638850609915,6.6618525677665446,6.825468922942729,7.00962831518566,0.006502519406604179,0.0009744858645879262,-0.0026355698753315338
16.19999999999996,29.787499999999973,23.13251370838975,16.320060412598476,9.325316402593451,1.2500000000000049,1.3186627615632465,1.4488190330777777,1.5976620848841243,6.6483284519540575,6.811023791347222,6.997077606105155,6.654986291610221,6.812453295791276,6.994744010005025,0.006657839656163844,0.001429504444053542,-0.0023335961001302863
16.29999999999996,29.912499999999973,23.26386397165185,16.463908213256357,9.483880198686911,1.2500000000000049,1.3135026326209953,1.4384780065788179,1.58563796093461,6.641878290776244,6.798097508223522,6.982047451168262,6.648636028348122,6.799955758395495,6.980028014569445,0.006757737571877698,0.0018582501719723865,-0.0020194365988173146
16.399999999999963,30.037499999999973,23.394740002540843,16.606765502173435,9.641256617962531,1.2500000000000049,1.30876030888991,1.4285728891707907,1.5737641927562058,6.635950386112388,6.785716111463488,6.967205240945257,6.64275999745913,6.787974500367408,6.965508884210903,0.006809611346742628,0.00225838890392005,-0.0016963567343539765
16.499999999999964,30.162499999999973,23.52517999901545,16.748675582392785,9.797463025025797,1.2500000000000049,1.3043999647460547,1.4191008021935163,1.562064070632655,6.630499955932568,6.773876002741895,6.952580088290818,6.6373200009845235,6.7765044166226645,6.951212557366988,0.006820045051955326,0.002628413880769287,-0.0013675309238303512
16.599999999999966,30.287499999999973,23.655218895997347,16.88968119798196,9.95251888828693,1.2500000000000049,1.3003889698189686,1.410056155891758,1.5505586326113323,6.62548621227371,6.762570194864697,6.9381982907641655,6.632281104002626,6.765537698015386,6.937162309695031,0.006794891728915786,0.002967503150689055,-0.001035981069134273
16.699999999999967,30.412499999999973,23.784888655679335,17.029824313598308,10.10644555182896,1.2500000000000049,1.2966975968198973,1.4014311561634691,1.5392666354203097,6.620871996024872,6.7517889452043365,6.924083294275388,6.627611344320638,6.7550643420810275,6.923378761769348,0.006739348295766057,0.0032753968766909836,-0.0007045325060399676
16.79999999999997,30.537499999999973,23.914218531328245,17.169145937724288,10.259266008874405,1.2500000000000049,1.293298756489094,1.393216241259818,1.5282045704544605,6.616623445611367,6.741520301574773,6.910255713068075,6.623281468671728,6.7450725936039575,6.9098799288498824,0.006658023060360563,0.0035522920291848337,-0.00037578421819262076
16.89999999999997,30.662499999999973,24.043235307040543,17.30768598343225,10.411004680365203,1.2500000000000049,1.290167757122985,1.3854004570796192,1.5173867149079794,6.612709696403732,6.731750571349524,6.896733393634975,6.61926469295943,6.735549323608293,6.896681303067048,0.006554996555697912,0.0037987522587688005,-5.2090567926654785e-05
16.99999999999997,30.787499999999973,24.171963515678637,17.445483161301855,10.561687201340535,1.2500000000000049,1.2872820863809316,1.3779717786960268,1.5068252097533141,6.609102607976165,6.722464723370034,6.8835315121916425,6.615536484321336,6.726480354376783,6.88379595996132,0.006433876345171008,0.004015631006748954,0.00026444776967782246
17.099999999999973,30.912499999999973,24.300425637007407,17.58257489978797,10.711340217106256,1.2500000000000049,1.284621213287716,1.3709173848611567,1.496530157657215,6.6057765166096445,6.713646731076446,6.870662697071519,6.612074362992566,6.717850737219436,6.871234682681715,0.00629784638292108,0.004204006142989769,0.0005719856101960019
17.199999999999974,31.037499999999973,24.42864227786179,17.718997288932215,10.859991190617661,1.2500000000000049,1.2821664085438451,1.364223891442431,1.4865097351140402,6.602708010679806,6.705279864303039,6.858137168892551,6.608857722138183,6.7096449889295755,6.859006098314554,0.0061497114583763945,0.004365124626536598,0.0008689294220030064
17.299999999999976,31.162499999999973,24.556632336005116,17.8547850438364,11.007668222026803,1.2500000000000049,1.2799005814332567,1.3578775490418709,1.4767703140914117,6.599875726791571,6.697346936302338,6.845962892614264,6.605867663994857,6.701847292168715,6.847116821809598,0.0059919372032863905,0.0045003558663765375,0.0011539291953335251
17.399999999999977,31.287499999999973,24.68441314918299,17.98997148477905,11.154399880961524,1.2500000000000049,1.2778081317787608,1.3518644094265007,1.467316589347215,6.597260164723451,6.689830511783126,6.834145736684019,6.603086850816982,6.694441664403939,6.835571603817527,0.005826686093531208,0.0046111526208134634,0.0014258671335083406
17.49999999999998,31.412499999999973,24.812000630737103,18.124588531263623,11.300215051792547,1.2500000000000049,1.275874815541137,1.3461704648457222,1.4581517083102333,6.594843519426421,6.682713081057153,6.822689635387792,6.60049936926287,6.68741209947348,6.824373479471076,0.005655849836449178,0.004699018416327583,0.0016838440832840362
17.59999999999998,31.537499999999973,24.93940939301607,18.25866670764584,11.44514279189627,1.2500000000000049,1.274087622789669,1.3407817638221717,1.4492774010372367,6.5926095284870865,6.675977204777714,6.811596751296546,6.598090606983902,6.68074268537023,6.81352391574957,0.005481078496815783,0.004765480592515914,0.0019271644530247656
17.69999999999998,31.662499999999973,25.066652859705204,18.39223515830276,11.589212202724537,1.2500000000000049,1.2724346668913367,1.3356845065691973,1.4406941082826827,6.590543333614171,6.669605633211496,6.800867635353353,6.595847140294769,6.674417701402444,6.803022955578223,0.005303806680597489,0.004812068190947372,0.002155320224869861
17.799999999999983,31.787499999999973,25.193743368092612,18.525321670583214,11.732452313340222,1.2500000000000049,1.27090508387406,1.3308651228045159,1.4324011061568473,6.588631354842575,6.663581403505645,6.790501382696059,6.593756631907361,6.668421697509398,6.792869357242992,0.005125277064785827,0.00484029400375352,0.0023679745469333824
17.899999999999984,31.912499999999973,25.32069226219435,18.65795270402224,11.874891975961823,1.2500000000000049,1.2694889410173749,1.3263103343902671,1.4243966262160075,6.586861176271719,6.657887917987834,6.780495782770009,6.591807737805624,6.66273955817211,6.783060728060416,0.004946561533905047,0.004851640184275752,0.0025649452904072945
17.999999999999986,32.03749999999997,25.447509977575617,18.790153424515204,12.01655977297527,1.2500000000000049,1.2681771538126805,1.3220072049296496,1.4166779701344687,6.58522144226585,6.652509006162062,6.770847462668086,6.589990022424356,6.6573565530604135,6.773593651539933,0.004768580158505564,0.004847546898351318,0.0027461888718471883
18.099999999999987,32.16249999999997,25.574206118627178,18.921947742333725,12.157483934811438,1.2500000000000049,1.2669614105155917,1.3179431781852096,1.4092416183616756,6.583701763144489,6.647428972731512,6.7615520229520945,6.588293881372795,6.652258376293453,6.7644638075222865,0.004592118228305964,0.00482940356194117,0.002911784570192033
18.19999999999999,32.28749999999997,25.700789528985755,19.0533583530287,12.297692268049046,1.2500000000000049,1.26583410358576,1.3141061069497373,1.402083332376068,6.5822926294822,6.642632633687171,6.7526041654700855,6.586710471014218,6.647431175957056,6.755666084979653,0.004417841532017519,0.0047985422698850755,0.003061919509567801
18.29999999999999,32.41249999999997,25.827268355723305,19.18440678040811,12.43721209308079,1.2500000000000049,1.2647882673755007,1.3104842737941134,1.3951982503174398,6.580985334219376,6.638105342242642,6.7439978128968,6.585231644276668,6.6428615753151945,6.747194687327321,0.004246310057292035,0.004756233072552796,0.0031968744305208574
18.39999999999999,32.53749999999997,25.95365010787214,19.315113420901536,12.5760701906725,1.2500000000000049,1.2638175214883256,1.307066404934252,1.3885809759170997,6.579771901860407,6.633833006167815,6.7357262198963745,6.583849892127834,6.638536686970603,6.739043230229036,0.004077990267426834,0.00470368080278849,0.0033170103326618516
18.499999999999993,32.66249999999997,26.0799417098004,19.445497588731406,12.71429275674801,1.2500000000000049,1.2629160192826312,1.3038416782987172,1.382225660755105,6.578645024103289,6.629802097873396,6.727782075943881,6.582558290199572,6.634444121068995,6.731204831983396,0.003913266096282619,0.00464202319559881,0.003422756039515029
18.599999999999994,32.78749999999997,26.206149549904886,19.575577561405126,12.851905364744068,1.2500000000000049,1.2620784010448352,1.3007997267372102,1.3761260799605697,6.577598001306044,6.625999658421513,6.720157599950712,6.581350450095087,6.63057198849976,6.723672196661058,0.003752448789042795,0.004572330078246978,0.0035145967103460407
18.699999999999996,32.91249999999997,26.332279525044957,19.7053706251237,12.98893293489789,1.2500000000000049,1.261299751400701,1.2979306371857326,1.3702757015382183,6.576624689250876,6.622413296482166,6.712844626922773,6.580220474955016,6.626908899921258,6.716437690225808,0.0035957857041406527,0.004495603439091944,0.0035930633030352155
18.799999999999997,33.03749999999997,26.458337081102343,19.834893119773188,13.125399709853408,1.2500000000000049,1.2605755605738522,1.2952249464948846,1.3646677495551711,6.575719450717315,6.619031183118606,6.705834686943964,6.57916291889763,6.623443961329155,6.70949340991978,0.0034434681803148237,0.004412778210548751,0.00365872297581582
18.9,33.16249999999997,26.584327250016038,19.96416048322636,13.261329235999321,1.2500000000000049,1.25990168913696,1.2926736345317296,1.359295261459139,6.5748771114212,6.615842043164662,6.699119076823924,6.578172749983935,6.620166766789676,6.70283124722704,0.0032956385627347373,0.00432472362501457,0.003712170403116666
19.0,33.28749999999997,26.710254683609453,20.093187294734502,13.396744349981832,1.2500000000000049,1.2592743359341405,1.2902681150813988,1.354151139825102,6.574092919917676,6.612835143851749,6.692688924781377,6.5772453163905205,6.6170673888749505,6.69644294475267,0.0031523964728448206,0.004232245023201742,0.003754019971292877
19.1,33.41249999999997,26.836123684497757,20.22198731723458,13.53166716986625,1.2500000000000049,1.258690008883052,1.2880002250007783,1.3492281988441703,6.573362511103815,6.610000281250973,6.686535248555213,6.576376315502216,6.614136367263178,6.690320147368329,0.0030138043984013763,0.004136086012205276,0.0037848988131159444
19.200000000000003,33.53749999999997,26.96193823433699,20.350573538435775,13.666119090453986,1.2500000000000049,1.2581454983923281,1.2858622120119705,1.3445192058773547,6.57268187299041,6.607327765014963,6.680649007346693,6.575561765662982,6.611364695901216,6.684454447981789,0.0028798926725723817,0.0040369308862526765,0.0038054406350962466
19.300000000000004,33.66249999999997,27.087702019652447,20.478958210582444,13.800120782293973,1.2500000000000049,1.2576378531545709,1.2838467214667117,1.340016918399879,6.572047316443213,6.60480840183339,6.675021147999849,6.574797980347526,6.608743809070003,6.678837428288471,0.002750663904312667,0.003935407236612676,0.0038162802886221314
19.400000000000006,33.78749999999997,27.21341845546219,20.607152888818803,13.933692193959939,1.2500000000000049,1.2571643580974212,1.281946782363571,1.3357141166596567,6.571455447621776,6.602433477954464,6.66964264582457,6.574081544537783,6.606265566643387,6.673460694858864,0.0026260969160070147,0.00383208868892293,0.0038180490342938356
19.500000000000007,33.91249999999997,27.33909070689173,20.735168468104476,14.066852557196707,1.2500000000000049,1.2567225142954284,1.2801557928567253,1.3316036323676845,6.570903142869286,6.600194741070906,6.664504540459606,6.5734092931082415,6.603922238787256,6.6683159109077685,0.00250615023895584,0.0037274977163495038,0.0038113704481625987
19.60000000000001,34.03749999999997,27.464721708958105,20.86301521865024,14.19962039456963,1.2500000000000049,1.2563100206637423,1.278467505457639,1.327678373729216,6.570387525829678,6.598084381822049,6.65959796716152,6.5727782910418675,6.6017064903078655,6.66339482408061,0.002390765212189727,0.0036221084858167885,0.0037968569190898194
19.70000000000001,34.16249999999997,27.59031418468523,20.990702819860083,14.332013529280974,1.2500000000000049,1.2559247572712529,1.2768760120984182,1.3239313471134442,6.569905946589066,6.596095015123023,6.654914183891805,6.572185815314743,6.599611364825147,6.658689290579108,0.00227986872567687,0.003516349702124444,0.00377510668730352
19.80000000000001,34.28749999999997,27.715870661697814,21.118240392779818,14.464049096845635,1.2500000000000049,1.2555647701258368,1.275375729197351,1.3203556756466073,6.569455962657296,6.594219661496689,6.650444594558259,6.571629338302159,6.597630268917996,6.654191295934183,0.00217337564486364,0.0034106074213067217,0.003746701375924033
19.900000000000013,34.41249999999997,27.841393487427617,21.245636531064086,14.595743558345582,1.2500000000000049,1.2552282572980134,1.2739613828426952,1.316944614999463,6.569035321622517,6.592451728553369,6.646180768749328,6.5711065125723565,6.59575695636353,6.649892972718504,0.002071190949839874,0.003305227810161071,0.003712203969175931
20.000000000000014,34.53749999999997,27.966884843053784,21.372899330483047,14.72711271500812,1.2500000000000049,1.2549135562616647,1.2726279941896288,1.3136915666253803,6.568641945327081,6.590784992737036,6.642114458281725,6.5706151569461895,6.593985512570736,6.645786615474927,0.0019732116191084614,0.0032005198337001772,0.0036721571932023522
20.100000000000016,34.66249999999997,28.092346756287952,21.500036416997755,14.858171723877138,1.2500000000000049,1.2546191323416873,1.2713708651470768,1.3105900886901802,6.56827391542711,6.589213581433846,6.638237610862725,6.570153243712021,6.592310339290197,6.641864693120617,0.0018793282849109971,0.0030967578563512177,0.003627082257891878
20.200000000000017,34.78749999999997,28.217781113104813,21.6270549734393,14.9889351143691,1.2500000000000049,1.2543435681685984,1.2701855644154632,1.3076339049196266,6.567929460210748,6.587731955519329,6.634542381149533,6.56971888689516,6.590726139665513,6.6381198590701995,0.0017894266844118434,0.002994184146183798,0.0035774779206665386
20.30000000000002,34.91249999999997,28.343189668509748,21.7539617648316,15.119416805526633,1.2500000000000049,1.2540855540493314,1.2690679139230232,1.3048169115753268,6.567606942561664,6.586334892403779,6.6310211394691585,6.569310331490225,6.589227903678147,6.634544959304968,0.0017033889285613668,0.002893011274367474,0.0035238198358094053
20.40000000000002,35.03749999999997,28.468574056426927,21.880763162401287,15.249630123802126,1.2500000000000049,1.2538438791718134,1.2680139756968463,1.302133182754933,6.567304848964767,6.585017469621057,6.6276664784436665,6.568925943573046,6.58781089402564,6.631133038599161,0.0016210946082786393,0.002793424404583078,0.0034665601554948466
20.50000000000002,35.16249999999997,28.593935798783775,22.007465166320795,15.379587821221932,1.2500000000000049,1.2536174235684827,1.2670200391950728,1.2995769741980607,6.567021779460603,6.583775048993841,6.624471217747576,6.568564201216198,6.58647063246298,6.627877345098863,0.001542421755594603,0.002695583469138896,0.0034061273512868695
20.600000000000023,35.28749999999997,28.719276313860853,22.134073427232636,15.509302093798471,1.2500000000000049,1.2534051507707842,1.2660826091184025,1.297142725765386,6.5667564384634804,6.5826032613980034,6.621428407206732,6.56822368613912,6.585202886628217,6.624771333434165,0.0014672476756398822,0.002599625230213398,0.0033429262274324856
20.700000000000024,35.41249999999997,28.844596923970144,22.260593266603845,15.63878460007297,1.2500000000000049,1.2532061010929039,1.2651983937121036,1.2948250627449989,6.56650762636613,6.58149799214013,6.618531328431248,6.567903076029829,6.584003657366299,6.621808666530875,0.0013954496636987557,0.0025056652261694623,0.00327733809962627
20.800000000000026,35.53749999999997,28.96989886251901,22.387029695960234,15.768046479685704,1.2500000000000049,1.2530193854886569,1.2643642935638761,1.2926187961273485,6.566274231860821,6.580455366954845,6.615773495159186,6.567601137480963,6.582869166558776,6.618983216274529,0.0013269056201421492,0.002413799603931288,0.0032097211153434557
20.900000000000027,35.66249999999997,29.095183280512067,22.51338743505004,15.897098371883509,1.2500000000000049,1.2528441799305718,1.2635773908980552,1.290518921978038,6.566055224913215,6.579471738622569,6.613148652472548,6.567316719487906,6.581795845462029,6.61628906316653,0.0012614945746909356,0.0023241068394597164,0.0031404106939820764
21.00000000000003,35.78749999999997,29.220451252538552,22.639670928986302,16.02595043388614,1.2500000000000049,1.252679720264861,1.2628349393626295,1.2885206200263384,6.565849650331076,6.578543674203287,6.610650775032923,6.5670487474614205,6.580780323552251,6.613720495100161,0.0011990971303443843,0.0022366493489638373,0.0030697200672378244
21.10000000000003,35.91249999999997,29.34570378228857,22.76588436441653,16.154612359043803,1.2500000000000049,1.2525252975001897,1.2621343543022563,1.2866192515766035,6.565656621875237,6.57766794287782,6.608274064470754,6.566796217711403,6.5798194178720415,6.611272005372726,0.001139595836165519,0.002151474994221303,0.0029979409019720293
21.20000000000003,36.03749999999997,29.470941807637768,22.89203168476731,16.28309339472778,1.2500000000000049,1.2523802534919832,1.261473203507802,1.2848103568397544,6.565475316864979,6.576841504384753,6.6060129460496935,6.566558192362205,6.578910122870457,6.608938290039532,0.0010828754972260768,0.0020686184857048318,0.00292534398983868
21.300000000000033,36.16249999999997,29.596166205336516,23.01811660461039,16.411402359905047,1.2500000000000049,1.2522439769874862,1.2608491984308217,1.2830896517726902,6.565304971234358,6.576061498038527,6.603862064715862,6.566333794663457,6.578049600726125,6.606714244705344,0.001028823429098935,0.001988102687597859,0.00285217998948184
21.400000000000034,36.28749999999997,29.72137779533651,23.144142623195364,16.539547662355528,1.2500000000000049,1.2521158999999427,1.2602601858497346,1.2814530245048148,6.565144874999929,6.575325232312168,6.601816280631018,6.566122204663461,6.5772351721411475,6.604594960839837,0.0009773296635327,0.0019099398289794678,0.0027786802088183293
21.500000000000036,36.41249999999997,29.846577344784823,23.270113037192683,16.667537315497814,1.2500000000000049,1.2519954944831242,1.2597041399732003,1.2798965314228492,6.564994368103905,6.574630174966501,6.599870664278562,6.56592265521515,6.57646430759214,6.602575721694869,0.0009282871112450408,0.001834132625639029,0.0027050574163069996
21.600000000000037,36.53749999999997,29.971765571712826,23.39603095268921,16.795378954795584,1.2500000000000049,1.2518822692800369,1.2591791549652762,1.2784163929776926,6.564852836600046,6.573973943706595,6.598020491222115,6.565734428287147,6.575734619023617,6.600651997893625,0.0008815916871007801,0.0017606753170218425,0.0026315066715092428
21.70000000000004,36.66249999999997,30.096943148445025,23.52189929647684,16.923079853722612,1.2500000000000049,1.2517757673219894,1.258683437876308,1.2770089892702747,6.564719709152486,6.573354297345385,6.596261236587844,6.565556851554948,6.575043851968186,6.598819442754227,0.0008371424024620211,0.0016895546228008484,0.002558206166383137
21.80000000000004,36.78749999999997,30.22211070475066,23.64772082667315,17.05064693926932,1.2500000000000049,1.2516755630563536,1.2582153019631026,1.2756708554670766,6.564594453820442,6.572769127453878,6.594588569333846,6.5653892952493145,6.574389878077508,6.59707388740383,0.0007948414288723171,0.001620750623629874,0.0024853180699846433
21.90000000000004,36.91249999999997,30.34726883075899,23.773498142711325,17.178086806978346,1.2500000000000049,1.2515812600832894,1.2577731603817441,1.274398677090258,6.564476575104112,6.57221645047718,6.592998346362823,6.565231169240985,6.573770688047663,6.5954113357329796,0.0007545941368727327,0.001554237570482897,0.0024129893701569927
22.000000000000043,37.03749999999997,30.472418079657334,23.899233694734964,17.305405735500553,1.2500000000000049,1.2514924889834702,1.257355520236392,1.2731892852220847,6.564365611229338,6.57169440029549,6.591486606527606,6.565081920342639,6.573184384922371,6.59382795923441,0.0007163091133008948,0.0014899846268807693,0.002341352706804578
22.100000000000044,37.16249999999997,30.59755897018938,24.024929792431713,17.43260970066641,1.2500000000000049,1.251408905320458,1.2569609769675023,1.2720396516585695,6.564261131650572,6.571201221209378,6.590049564573212,6.564941029810594,6.5726291777576655,6.592320091765302,0.0006798981600217857,0.0014279565482873124,0.0022705271920901993
22.200000000000045,37.28749999999997,30.72269198896966,24.15058861333803,17.5597043890707,1.2500000000000049,1.251330187802823,1.256588209063153,1.2709468840428886,6.564162734753529,6.570735261328942,6.58868360505361,6.564808011030312,6.572103375631631,6.590884224267331,0.0006452762767832354,0.0013681143026893494,0.0022006192137205005
22.300000000000047,37.41249999999997,30.847817592628903,24.276212210645777,17.68669521117122,1.2500000000000049,1.2512560365924366,1.256235973077461,1.2699082210051957,6.564070045740546,6.570294966346826,6.587385276256494,6.56468240737107,6.571605381983126,6.589516999474558,0.0006123616305240276,0.0013104156362997443,0.0021317232180635415
22.40000000000005,37.53749999999997,30.97293620980356,24.401802520539825,17.813587313904407,1.2500000000000049,1.2511861717465682,1.255903098940474,1.26892102733188,6.56398271468321,6.569878873675592,6.58615128416485,6.564563790196413,6.5711336892637355,6.588215206635418,0.0005810755132031886,0.00125481558814311,0.0020639224705680803
22.50000000000005,37.66249999999997,31.09804824298181,24.527361369094262,17.940385592822818,1.2500000000000049,1.2511203317825033,1.2555884855443686,1.267982789184096,6.5639004147281295,6.569485606930461,6.58497848648012,6.564451757018162,6.570686873887549,6.586975776271444,0.0005513422900325082,0.0012012669570884427,0.001997289791324519
22.60000000000005,37.78749999999997,31.22315407021725,24.65289047875339,18.067094703761065,1.2500000000000049,1.251058272354405,1.2552910965912738,1.2670911093824841,6.563822840443006,6.569113870739092,6.583863886728105,6.564345929782721,6.570263591463863,6.585795774992324,0.0005230893397154546,0.0011497207247712637,0.0019318882642185287
22.700000000000053,37.91249999999997,31.348254046720555,24.778391474422243,18.193719074038306,1.2500000000000049,1.250999765033039,1.2550099566885629,1.2662437027723983,6.563749706291299,6.5687624458607035,6.582804628465498,6.564245953279418,6.569862572298312,6.584672400383937,0.000496246988118898,0.0011001264376089281,0.0018677719184392316
22.800000000000054,38.03749999999997,31.473348506338535,24.903865889190044,18.320262913206466,1.2500000000000049,1.250944596179802,1.2547441476780015,1.2654383916816134,6.563680745224753,6.568430184597502,6.581797989602016,6.564151493661438,6.569482617148491,6.5836029759835775,0.0004707484366850423,0.0010524325509893018,0.0018049863815612355
22.900000000000055,38.16249999999997,31.59843776292926,25.029315169708614,18.446730223354507,1.2500000000000049,1.2508925659072525,1.254492805185695,1.2646731014804025,6.5636157073840655,6.568116006482119,6.580841376850503,6.564062237070711,6.569122593220648,6.582584946354107,0.0004465296866458246,0.0010065867385291583,0.0017435695036036591
23.000000000000057,38.28749999999997,31.723522111641163,25.154740681246647,18.573124808979706,1.2500000000000049,1.250843487119005,1.254255115380346,1.263945856252006,6.563554358898756,6.567818894225432,6.579932320315008,6.56397788835881,6.568781430394516,6.581615872266941,0.000423529460054084,0.0009625361690837053,0.0016835519519329267
23.10000000000006,38.41249999999997,31.848601830103412,25.280143712439436,18.699450286437692,1.2500000000000049,1.2507971846224877,1.254030311927893,1.26325477457987,6.5634964807781095,6.567537889909866,6.579068468224838,6.563898169896561,6.568458117663976,6.580693426001744,0.0004016891184512872,0.0009202277541096038,0.0016249577769062995
23.20000000000006,38.53749999999997,31.973677179534274,25.40552547975255,18.825710092983346,1.2500000000000049,1.2507534943086116,1.253817673131166,1.2625980654565572,6.563441867885764,6.567272091413958,6.578247581820697,6.563822820465699,6.568151699781723,6.579815386769205,0.00038095257993475684,0.0008796083677644617,0.001567804948508389
23.30000000000006,38.66249999999997,32.09874840577356,25.530887131676927,18.951907495415142,1.2500000000000049,1.2507122623929199,1.25361651924375,1.2619740243179514,6.56339032799115,6.567020649054688,6.577467530397439,6.56375159422641,6.567861274096636,6.578979636261785,0.00036126623526033796,0.0008406250419481509,0.001512105864345692
23.400000000000063,38.78749999999997,32.22381574024489,25.656229752671706,19.078045598335667,1.2500000000000049,1.2506733447132496,1.253426209947781,1.2613810292052325,6.563341680891562,6.566782762434727,6.57672628650654,6.563684259755085,6.567585987573182,6.578184154336039,0.0003425788635231797,0.0008032251384548772,0.0014578678294991931
23.500000000000064,38.91249999999997,32.34887940085282,25.7815543668703,19.20412735204128,1.2500000000000049,1.2506366060793663,1.2532461419859413,1.2608175370561114,6.563295757599208,6.566557677482427,6.576021921320139,6.56362059914715,6.567325033982524,6.57742701482902,0.00032484154794154563,0.0007673565000967386,0.0014050935088807393
23.600000000000065,39.03749999999997,32.47393959281987,25.90686194156414,19.330155560053875,1.2500000000000049,1.2506019196704146,1.2530757469384202,1.2602820801259418,6.563252399588018,6.566344683673025,6.575352600157427,6.5635604071801055,6.567077651255726,6.576706381510267,0.00030800759208737816,0.0007329675827012494,0.0013537813528392562
23.700000000000067,39.16249999999997,32.598996509467504,26.032153390477752,19.45613288630773,1.2500000000000049,1.250569166476386,1.2529144891361148,1.259773262538582,6.563211458095482,6.566143111420144,6.574716578173227,6.563503490532469,6.566843118989752,6.576020504170021,0.00029203243698638914,0.0007000075696081964,0.0013039259967939643
23.800000000000068,39.28749999999997,32.72405033294552,26.157429576847935,19.582061862004355,1.2500000000000049,1.2505382347801248,1.252761863701817,1.2592897569662242,6.563172793475156,6.5659523296272715,6.57411219620778,6.563449667054456,6.566620756097581,6.57536771484358,0.00027687357930084033,0.0006684264703098464,0.0012555186357996462
23.90000000000007,39.41249999999997,32.849101234913185,26.282691316319095,19.707944892148042,1.2500000000000049,1.2505090196766804,1.252617394711597,1.2588303014368616,6.56313627459585,6.565771743389496,6.5735378767960775,6.563398765086788,6.56640991859409,6.574746424171053,0.00026249049093785004,0.0006381752045934164,0.0012085473749756659
24.00000000000007,39.53749999999997,32.97414937717589,26.407939379665997,19.833784261774802,1.2500000000000049,1.2504814226270933,1.2524806334690335,1.2583936962675892,6.563101778283866,6.565600791836292,6.5729921203344865,6.563350622824082,6.566209997509894,6.574155117891195,0.0002488445402155648,0.000609205673601565,0.001162997556708234
24.100000000000072,39.66249999999997,33.09919491228028,26.533174495354533,19.959582141886955,1.2500000000000049,1.250455351043937,1.2523511568853583,1.2579788011215403,6.563069188804921,6.565438946106697,6.572473501401925,6.563305087719691,6.566020416925749,6.573592353467578,0.00023589891477016067,0.0005814708190516882,0.0011188520656535417
24.200000000000074,39.78749999999997,33.224237984070896,26.658397351950434,20.08534059510555,1.2500000000000049,1.250430717906161,1.2522285659589971,1.2575845321859285,6.563038397382702,6.565285707448746,6.57198066523241,6.563262015929077,6.565840632120462,6.573056756844885,0.00022361854637509282,0.0005549246717162504,0.0010760916124743503
24.300000000000075,39.91249999999997,33.349278728211,26.78360860038527,20.211061581052387,1.2500000000000049,1.2504074414009871,1.252112484348356,1.2572098594683976,6.563009301751234,6.565140605435445,6.571512324335497,6.563221271788976,6.565670127825726,6.572547019332884,0.00021197003774187095,0.0005295223902805901,0.0010346949973865094
24.400000000000077,40.03749999999997,33.47431727267008,26.90880885608848,20.336746961473253,1.2500000000000049,1.2503854445907956,1.2520025570320805,1.2568538042086637,6.562981805738494,6.5650031962901005,6.57106725526083,6.563182727329895,6.565508416581597,6.572061894615228,0.00020092159140094878,0.0005052202914965775,0.0009946393543982524
24.500000000000078,40.16249999999997,33.59935373818039,27.033998700993617,20.462398505113477,1.2500000000000049,1.2503646551031025,1.2518984490513525,1.2565154364022568,6.562955818878878,6.564873061314191,6.570644295502821,6.563146261819583,6.565355037186773,6.571600195880141,0.00019044294070447165,0.0004819758725824741,0.0009559003773196295
24.60000000000008,40.28749999999997,33.72438823866458,27.15917868542653,20.58801789235678,1.2500000000000049,1.2503450048418898,1.2517998443291216,1.2561938724330504,6.562931256052362,6.564749805411402,6.570242340541313,6.563111761335392,6.565209553238052,6.5711607930697475,0.0001805052830299303,0.0004597478266497035,0.0009184525284346989
24.70000000000008,40.41249999999997,33.84942088163645,27.284349329882676,20.713606719637898,1.2500000000000049,1.2503264297186905,1.2517064445614756,1.2558882728111578,6.562908037148363,6.564633055701845,6.569860341013947,6.563079118363525,6.565071551753771,6.570742610244778,0.0001710812151625163,0.0004384960519265846,0.0008822692308312341
24.800000000000082,40.53749999999997,33.97445176857664,27.40951112670034,20.83916650363917,1.2500000000000049,1.2503088694019537,1.251617968176649,1.2555978400127248,6.562886086752442,6.564522460220811,6.569497300015906,6.5630482314233305,6.564940641876301,6.570344623061171,0.00016214467088815354,0.00041818165549045716,0.000847323045265469
24.900000000000084,40.66249999999997,34.09948099528498,27.534664541636086,20.96469868528098,1.2500000000000049,1.2502922670833423,1.251534149357448,1.255321816418102,6.562865333854178,6.56441768669681,6.569152270522627,6.563019004714995,6.564816453648891,6.5699658563551075,0.00015367086081763404,0.0003987669520810755,0.000813585832480257
25.000000000000085,40.78749999999997,34.22450865221095,27.6598100153484,21.090204633515466,1.2500000000000049,1.2502765692597162,1.2514547371231235,1.2550594823448735,6.562845711574646,6.564318421403904,6.568824352931092,6.562991347789023,6.564698636862552,6.5696053818329325,0.00014563621437702068,0.00038021545864808104,0.0007810289018408412
25.100000000000087,40.91249999999997,34.349534824763914,27.784947964795098,21.215685648932688,1.2500000000000049,1.2502617255296582,1.2513794944669834,1.2548101541722256,6.562827156912073,6.564224368083729,6.568512692715283,6.562965175236059,6.564586859968816,6.56926231586241,0.00013801832398563363,0.00036249188508730157,0.000749623147127565
25.200000000000088,41.03749999999997,34.47455959360426,27.91007878454972,21.341142967188006,1.2500000000000049,1.2502476884034852,1.2513081975462517,1.2545731825531625,6.562809610504356,6.564135246932814,6.568216478191453,6.562940406395711,6.56448080905454,6.568935817361716,0.0001307958913550067,0.0003455621217263172,0.0007193391702626784
25.30000000000009,41.16249999999997,34.59958303491684,28.035202848041813,21.466577762259117,1.2500000000000049,1.2502344131257745,1.2512406349209166,1.2543479507111228,6.562793016407218,6.564050793651146,6.567934938388904,6.562916965083133,6.564380186875027,6.5686250857826955,0.000123948675915031,0.0003293932238817021,0.0006901473937919178
25.40000000000009,41.28749999999997,34.72460522066779,28.16032050872566,21.591991149540878,1.2500000000000049,1.2502218575095088,1.2511766068384993,1.254133872817596,6.562777321886886,6.563970758548124,6.567667341021995,6.562894779332183,6.564284711942129,6.5683293591847836,0.00011745744529711999,0.0003139533940048622,0.0006620181627887689
25.500000000000092,41.41249999999997,34.84962621884589,28.28543210118185,21.71738418878562,1.2500000000000049,1.2502099817810133,1.2511159245618804,1.2539303924474077,6.562762477226267,6.56389490570235,6.5674129905592595,6.562873781154082,6.564194117664041,6.568047912396231,0.00011130392781488752,0.000299211961690915,0.0006349218369718912
25.600000000000094,41.53749999999997,34.97464609368939,28.4105379421556,21.84275788689646,1.2500000000000049,1.2501987484349233,1.2510584097374955,1.253736981108414,6.562748435543654,6.56382301217187,6.5671712263855175,6.562853906310586,6.564108151533787,6.5677800552591385,0.0001054707669325694,0.0002851393619174303,0.0006088288736210146
25.700000000000095,41.66249999999997,35.09966490589923,28.535638331535736,21.968113200580703,1.2500000000000049,1.2501881220984765,1.2510038938013857,1.2535531368424215,6.5627351526230955,6.563754867251732,6.566941421053027,6.562835094100741,6.564026574363496,6.567525130955033,9.994147764569306e-05,0.00027170711176349727,0.0005837099020062908
25.800000000000097,41.78749999999997,35.22468271283968,28.66073355327781,22.09345103887013,1.2500000000000049,1.250178069404481,1.250952217420741,1.253378382894239,6.562722586755601,6.5636902717759265,6.566722978617799,6.562817287160293,6.563949159561869,6.567282514407683,9.470040469139462e-05,0.00025888778594218564,0.0005595357898844355
25.900000000000098,41.91249999999997,35.34969956872692,28.785823876274684,22.218772265514716,1.2500000000000049,1.2501685588723574,1.2509032299687373,1.2532122664458534,6.562710698590447,6.563629037460922,6.566515333057317,6.562800431273054,6.5638756924522355,6.567051610759968,8.973268260703549e-05,0.00024665499131337754,0.000536277702651411
26.0000000000001,42.03749999999997,35.47471552480659,28.910909555177742,22.344077701255998,1.2500000000000049,1.2501595607966995,1.2508567890305926,1.2530543574128166,6.562699450995875,6.563570986288241,6.566317946766021,6.562784475193382,6.563805969628849,6.5668318539217445,8.502419750744394e-05,0.00023498334060789716,0.0005139071557236363
26.1000000000001,42.16249999999997,35.59973062952088,29.035990831171635,22.469368125986,1.2500000000000049,1.2501510471428394,1.2508127599389116,1.252904247300025,6.5626888089285496,6.563515949923639,6.566130309125031,6.562769370479096,6.563739798349243,6.566622705185633,8.056155054614322e-05,0.00022384842560363438,0.0004923960606024735
26.200000000000102,42.28749999999997,35.72474492866577,29.161067932705286,22.594644280797418,1.2500000000000049,1.25014299144894,1.250771015336506,1.252761548114166,6.562678739311175,6.563463769170633,6.565951935142707,6.562755071334202,6.563676995960485,6.5664236519078685,7.633202302681497e-05,0.00021322678985224996,0.00047171676516111205
26.300000000000104,42.41249999999997,35.84975846553919,29.286141076181785,22.71990686993044,1.2500000000000049,1.2501353687341765,1.2507314347649932,1.2526258913302113,6.56266921091772,6.563414293456241,6.565782364162764,6.562741534460784,6.563617389357404,6.566234206251345,7.232354306374589e-05,0.00020309590116251997,0.0004518420885801788
26.400000000000105,42.53749999999997,35.97477128108045,29.411210466609543,22.845156562621384,1.2500000000000049,1.250128155412596,1.250693904277586,1.2524969269094228,6.562660194265745,6.563367380346983,6.5656211586367785,6.562728718919523,6.5635608144709074,6.566053903988159,6.852465377793493e-05,0.00019343412392469617,0.00043274535138060344
26.500000000000107,42.66249999999997,36.09978341400168,29.536276298217,22.97039399485803,1.2500000000000049,1.2501213292122777,1.250658316074583,1.252374322366445,6.562651661515347,6.563322895093229,6.565467902958057,6.562716585998295,6.563507115784677,6.565882303358972,6.492448294803665e-05,0.0001842206914481892,0.0004144004009152269
26.600000000000108,42.78749999999997,36.224794900911625,29.661338755033018,23.095619771046344,1.2500000000000049,1.2501148690994432,1.250624568160171,1.2522577618831419,6.562643586374304,6.563280710200214,6.5653222023539275,6.5627050990883475,6.563456145878607,6.565718983986674,6.151271404331027e-05,0.00017543567839339858,0.000396781632746368
26.70000000000011,42.91249999999997,36.34980577643235,29.78639801143494,23.22083446559304,1.2500000000000049,1.2501087552071903,1.2505925640192326,1.2521469454669416,6.562635944008988,6.5632407050240404,6.565183681833677,6.562694223567625,6.563407764997407,6.565563545841901,5.827955863768608e-05,0.00016705997336696754,0.00037986400822376254
26.80000000000011,43.03749999999997,36.4748160733092,29.911454232666234,23.346038624408195,1.2500000000000049,1.2501029687685474,1.2505622123129376,1.252041588151536,6.562628710960684,6.563202765391172,6.56505198518942,6.562683926690774,6.5633618406429655,6.565415608258039,5.5215730089486215e-05,0.00015907525179326143,0.0003636230686190345
26.900000000000112,43.16249999999997,36.59982582251455,30.03650757532543,23.471232766331983,1.2500000000000049,1.2500974920535686,1.250533426591976,1.2519414192378793,6.56262186506696,6.56316678323997,6.564926774047349,6.56267417748542,6.563318247189123,6.565274808993447,5.231241845926604e-05,0.00015146394915355188,0.00034803494609825236
27.000000000000114,43.28749999999997,36.72483505334557,30.161558187828067,23.596417384489335,1.2500000000000049,1.2500923083102065,1.2505061250263612,1.251846181573512,6.562615385387758,6.563132656282951,6.56480772696689,6.562664946654401,6.563276865517505,6.565140803338732,4.956126664268368e-05,0.00014420923455382706,0.0003330763718416563
27.100000000000115,43.41249999999997,36.84984379351644,30.286606210843146,23.72159294757617,1.2500000000000049,1.2500874017087225,1.2504802301507965,1.251755630868332,6.562609252135903,6.563100287688496,6.564694538585415,6.562656206483531,6.563237582673295,6.565013263266977,4.695434762780337e-05,0.00013729498479975177,0.00031872468156191047
27.200000000000117,43.53749999999997,36.97485206924538,30.411651777705615,23.84675990108067,1.2500000000000049,1.2500827572894064,1.2504556686246706,1.2516695350450073,6.562603446611758,6.5630695857808385,6.564586918806259,6.5626479307545935,6.563200291539765,6.5648918766249444,4.448414283508839e-05,0.00013070575892637493,0.0003049578186855584
27.300000000000118,43.66249999999997,37.09985990533672,30.536695014806195,23.971918668442903,1.2500000000000049,1.250078360913396,1.2504323710057959,1.2515876736223146,6.562597951141745,6.563040463757245,6.564484592027894,6.5626400946632515,6.563164890530526,6.564776346363292,4.2143521506332604e-05,0.00012442677328117213,0.00029175433539840867
27.40000000000012,43.78749999999997,37.22486732525836,30.6617360419599,24.09706965215588,1.2500000000000049,1.2500741992164002,1.250410271537068,1.251509837129763,6.5625927490205,6.563012839421335,6.564387296412204,6.562632674741614,6.563131283298457,6.564666389804021,3.992572111410908e-05,0.00011844387712223181,0.00027909339181686477
27.50000000000012,43.91249999999997,37.34987435121487,30.78677497275443,24.222213234811075,1.2500000000000049,1.2500702595651443,1.2503893079452706,1.2514358265519383,6.562587824456431,6.562986634931589,6.564294783189923,6.562625648785101,6.563099378460443,6.564561737943354,3.782432867005525e-05,0.0001127435288541534,0.00026695475343085917
27.600000000000122,44.03749999999997,37.474881004216506,30.91181191487956,24.347349780091182,1.2500000000000049,1.2500665300163667,1.2503694212513032,1.2513654528010765,6.5625831625204585,6.562961776564129,6.564206816001345,6.562618995783467,6.563069089336945,6.5644621347883785,3.583326300837797e-05,0.00010731277281639251,0.0002553187870333318
27.700000000000124,44.16249999999997,37.599887304144325,31.036846970438674,24.472479633712826,1.2500000000000049,1.2500629992782082,1.2503505555911492,1.2512985362164464,6.56257874909776,6.562938194488936,6.564123170270558,6.562612695855648,6.563040333705651,6.564367336725848,3.394675788825907e-05,0.00010213921671464732,0.000244166455289907
27.800000000000125,44.28749999999997,37.72489326981171,31.16188023624337,24.597603124321743,1.2500000000000049,1.2500596566738464,1.2503326580469496,1.2512349060891872,6.562574570842308,6.562915822558687,6.564043632611484,6.562606730188264,6.563013033568339,6.564277111921626,3.215934595601766e-05,9.721100965176532e-05,0.00023347931014239265
27.900000000000126,44.41249999999997,37.84989891902243,31.286911804092128,24.722720564342875,1.2500000000000049,1.250056492107237,1.250315678487584,1.2511744002113152,6.562570615134046,6.56289459810948,6.563968000264144,6.562601080977544,6.562987114930301,6.564191239749253,3.0465843497751166e-05,9.251682082123125e-05,0.00022323948510827307
28.000000000000128,44.53749999999997,37.974904268625515,31.411941761033948,24.847832250787643,1.2500000000000049,1.2500534960308334,1.2502995694181973,1.2511168644476722,6.562566870038542,6.562874461772747,6.563896080559591,6.562595731374458,6.562962507591568,6.564109510246304,2.8861335915841835e-05,8.804581882060347e-05,0.00021342968671334006
28.10000000000013,44.66249999999997,38.09990933456703,31.53697018961776,24.972938466020608,1.2500000000000049,1.2500506594151628,1.2502842858381493,1.25106215232965,6.562563324268954,6.562855357297686,6.5638276904120625,6.562590665432943,6.562939144949269,6.564031723597154,2.734116398883657e-05,8.378765158223445e-05,0.0002040331850912125
28.20000000000013,44.78749999999997,38.224914131939045,31.66199716812845,25.098039478487568,1.2500000000000049,1.2500479737201495,1.2502697851068896,1.2510101246695844,6.562559967150187,6.562837231383612,6.56376265583698,6.562585868060928,6.5629169638105935,6.563957689640883,2.5900910741505356e-05,7.973242698167127e-05,0.00019503380390339942
28.300000000000132,44.91249999999997,38.349918675025854,31.787022770810182,25.223135543407043,1.2500000000000049,1.250045430868075,1.2502560268172995,1.250960649194764,6.562556788585094,6.562820033521625,6.5637008114934545,6.5625813249741185,6.562895904215672,6.563887227403139,2.453638902455424e-05,7.587069404735303e-05,0.00018641590968471178
28.400000000000134,45.03749999999997,38.47492297734766,31.91204706807779,25.348226903427047,1.2500000000000049,1.2500430232180806,1.250242972676064,1.2509136002000512,6.5625537790226005,6.56280371584508,6.563642000250064,6.562577022652313,6.56287590926987,6.563820164650743,2.3243629712510483e-05,7.21934247902567e-05,0.00017816440067885964
28.500000000000135,45.16249999999997,38.59992705170187,32.037070126716856,25.473313789248863,1.2500000000000049,1.2500407435421201,1.2502305863906649,1.2508688582181662,6.56255092942765,6.562788232988331,6.563586072772708,6.562572948298104,6.562856924985013,6.563756337467993,2.2018870454054706e-05,6.869199668191328e-05,0.0001702646952850273
28.600000000000136,45.28749999999997,38.7249309102021,32.16209201007312,25.598396420219537,1.2500000000000049,1.2500385850022737,1.2502188335626154,1.2508263097067303,6.562548231252842,6.56277354195327,6.563532887133412,6.562569089797876,6.56283890012898,6.56369558985358,2.0858545033419773e-05,6.535817571062807e-05,0.00016270272016782883
28.700000000000138,45.41249999999997,38.849934564315035,32.28711277823177,25.723475004894656,1.2500000000000049,1.250036541129344,1.2502076815865737,1.2507858467512094,6.56254567641168,6.562759601983217,6.563482308439012,6.562565435684938,6.562821786083262,6.563637773337117,1.975927325847948e-05,6.218410004521502e-05,0.00015546489810525088
28.80000000000014,45.53749999999997,38.9749380248953,32.412132488187275,25.84854974157295,1.2500000000000049,1.2500346058026597,1.2501970995549976,1.2507473667829438,6.562543257253324,6.562746374443747,6.56343420847868,6.562561975104671,6.5628055367080265,6.563582746614326,1.8717851347105352e-05,5.91622642795997e-05,0.0001485381356465254
28.90000000000014,45.66249999999997,39.099941302218404,32.537151194004075,25.973620818804097,1.2500000000000049,1.2500327732310146,1.2501870581680246,1.2507107723114905,6.562540966538768,6.5627338227100305,6.563388465389363,6.562558697781569,6.56279010821433,6.563530375199978,1.7731242800245184e-05,5.628550429914725e-05,0.00014190981061457109
29.000000000000142,45.78749999999997,39.22494440601187,32.662168946968904,26.098688415871152,1.2500000000000049,1.2500310379346737,1.2501775296482787,1.250675970670544,6.562538797418342,6.562721912060349,6.56334496333818,6.562555593988101,6.562775459042967,6.563480531097753,1.6796569759058855e-05,5.3546982618613015e-05,0.00013556775957290768
29.100000000000144,45.91249999999997,39.34994734548471,32.787185795734935,26.223752703248827,1.2500000000000049,1.2500293947283883,1.2501684876603212,1.2506428737767414,6.562536743410485,6.562710609575402,6.563303592220927,6.562552654515265,6.562761549749773,6.5634330924861075,1.5911104780386154e-05,5.0940174371127966e-05,0.00012950026518065982
29.200000000000145,46.03749999999997,39.47495012935524,32.91220178645838,26.348813843038897,1.2500000000000049,1.2500278387053565,1.2501599072344851,1.2506113979006868,6.562534798381696,6.562699884043107,6.563264247375859,6.56254987064473,6.56274834289686,6.563387943419485,1.5072263034099365e-05,4.845885375370784e-05,0.0001236960436266088
29.300000000000146,46.16249999999997,39.599952765877454,33.037216962927864,26.473871989383856,1.2500000000000049,1.25002636522208,1.2501517646948426,1.250581463449572,6.5625329565276,6.562689705868554,6.563226829311965,6.562547234122519,6.5627358029495895,6.563344973544009,1.4277594918787884e-05,4.6097081035867404e-05,0.00011814423204370428
29.400000000000148,46.28749999999997,39.72495526286586,33.162231366686974,26.598927288859937,1.2500000000000049,1.25002496988406,1.2501440375910733,1.2505529947607958,6.562531212355075,6.5626800469888416,6.563191243450994,6.562544737134111,6.562723896178888,6.563304077827038,1.352477903626692e-05,4.384919004607468e-05,0.00011283437604348023
29.50000000000015,46.41249999999997,39.84995762771909,33.28724503715038,26.72397988085054,1.2500000000000049,1.2500236485322873,1.2501367046340146,1.2505259199060201,6.562529560665359,6.562670880792519,6.563157399882526,6.56254237228088,6.562712590568715,6.563265156299838,1.2811615521357567e-05,4.170977619644134e-05,0.0001077564173126433
29.60000000000015,46.53749999999997,39.97495986744214,33.412258011713845,26.84902989790105,1.2500000000000049,1.2500223972304807,1.2501297456346863,1.2505001705051253,6.562527996538101,6.562662182043358,6.563125213131407,6.562540132557835,6.562701855728292,6.563228113812794,1.2136019734043657e-05,3.967368493462686e-05,0.0001029006813872968
29.700000000000152,46.66249999999997,40.09996198866744,33.53727032585851,26.974077466056006,1.2500000000000049,1.2500212122530294,1.2501231414465965,1.2504756815495595,6.562526515316287,6.562653926808245,6.56309460193695,6.562538011332535,6.5626916628089305,6.563192859802502,1.1496016248280228e-05,3.7736000685129056e-05,9.825786555239802e-05
29.800000000000153,46.78749999999997,40.2249639976748,33.66228201324962,27.099122705179465,1.2500000000000049,1.2500200900735998,1.2501168739111455,1.2504523912346,6.562525112592,6.562646092388932,6.56306548904325,6.562536002325174,6.562681984425176,6.5631593080701585,1.0889733174757055e-05,3.589203624354553e-05,9.381902690819288e-05
29.900000000000155,46.91249999999997,40.34996590041023,33.787293105830216,27.22416572925947,1.2500000000000049,1.250019027354371,1.250110925805954,1.250430240800069,6.562523784192964,6.562638657257443,6.563037801000086,6.56253409958974,6.562672794580017,6.563127376570744,1.0315396776761077e-05,3.413732257406821e-05,8.957557065780719e-05
30.000000000000156,47.03749999999997,40.47496770250382,33.91230363390981,27.34920664669738,1.2500000000000049,1.2500180209358605,1.250105280795956,1.2504091743790726,6.5625225261698255,6.562631600994945,6.5630114679738405,6.562532297496155,6.56266406859401,6.563096987212429,9.771326329399699e-06,3.246759906527785e-05,8.551923858846067e-05
30.100000000000158,47.16249999999997,40.59996940928655,34.03731362624852,27.474245560582816,1.2500000000000049,1.2500170678273084,1.2500999233871017,1.2503891388543527,6.562521334784135,6.562624904233877,6.56298642356794,6.562530590713422,6.562655783038032,6.563068065665703,9.255929287022013e-06,3.087880415542088e-05,8.164209776317932e-05
30.20000000000016,47.28749999999997,40.72497102580631,34.162323110136775,27.599282568955,1.2500000000000049,1.2500161651975885,1.2500948388825261,1.2503700837218608,6.562520206496986,6.562618548603158,6.562962604652326,6.562528974193661,6.562647915669537,6.563040541181774,8.767696675349157e-06,2.9367066378682694e-05,7.79365294478751e-05
30.30000000000016,47.41249999999997,40.84997255684297,34.28733211147088,27.72431776505112,1.2500000000000049,1.2500153103666156,1.25009001334105,1.2503519609611864,6.56251913795827,6.562612516676312,6.562939951201483,6.562527443157002,6.5626404453720895,6.563014346419763,8.305198732294627e-06,2.7928695777390544e-05,7.439521828001006e-05
30.400000000000162,47.53749999999997,40.97497400692269,34.41234065482467,27.84935123754237,1.2500000000000049,1.2500145007972234,1.2500854335378841,1.2503347249124894,6.5625181259965295,6.562606791922355,6.562918406140612,6.56252599307728,6.562633352098025,6.562989417282299,7.867080750401101e-06,2.656017567037594e-05,7.101114168772682e-05
30.500000000000163,47.66249999999997,41.09997538033144,34.53734876351741,27.97438307075833,1.2500000000000049,1.2500137340874835,1.2500810869274148,1.2503183321596054,6.5625171676093546,6.562601358659268,6.562897915199507,6.56252461966853,6.562626616814036,6.562965692759079,7.452059175072634e-06,2.5258154767726637e-05,6.777755957187992e-05
30.600000000000165,47.78749999999997,41.224976681127785,34.6623564596782,28.099413344900228,1.2500000000000049,1.250013007963444,1.2500769616079588,1.2503027414190087,6.562516259954305,6.562596202009948,6.562878426773761,6.562523318872188,6.562620221449585,6.562943114777973,7.058917883107085e-06,2.40194396363691e-05,6.468800421188803e-05
30.700000000000166,47.91249999999997,41.34997791315501,34.78736376430704,28.22444213624366,1.2500000000000049,1.250012320272263,1.2500730462883793,1.2502879134343352,6.562515400340329,6.562591307860474,6.562859891792919,6.5625220868449645,6.56261414884797,6.562921628063378,6.686504635311508e-06,2.2840987496053344e-05,6.173627045935604e-05
30.800000000000168,48.03749999999997,41.47497908005258,34.91237069733268,28.34946951733128,1.2500000000000049,1.2500116689757141,1.250069330256465,1.2502738108761817,6.562514586219643,6.562586662820581,6.562842263595227,6.562520919947396,6.562608382719894,6.562901180001404,6.3337277529385005e-06,2.1719899312877544e-05,5.891640617683436e-05
30.90000000000017,48.16249999999997,41.59998018526698,35.03737727766758,28.474495557155972,1.2500000000000049,1.250011052144045,1.2500658033489704,1.2502603982469132,6.562513815180056,6.562582254186213,6.5628254978086416,6.562519814732994,6.562602907599398,6.562881720511609,5.999552938007469e-06,2.065341318502334e-05,5.6222702967012594e-05
31.00000000000017,48.28749999999997,41.72498123206199,35.162383523259905,28.599520321334996,1.2500000000000049,1.2500104679501687,1.2500624559232356,1.2502476417902262,6.562513084937711,6.562578069904045,6.562809552237782,6.562518767937981,6.5625977088020875,6.562863201924909,5.6830002694852055e-06,1.9638898042906305e-05,5.3649687126622325e-05
31.100000000000172,48.41249999999997,41.84998222352841,35.287389451142936,28.724543872275518,1.2500000000000049,1.250009914664169,1.2500592788302924,1.2502355094052233,6.562512393330211,6.5625740985378656,6.562794386756529,6.562517776471566,6.562592772385472,6.562845578867417,5.3831413548977025e-06,1.8673847606009986e-05,5.119211088810971e-05
31.200000000000173,48.53749999999997,41.97498316259322,35.412395077481875,28.849566269331994,1.2500000000000049,1.2500093906481036,1.2500562633893828,1.2502239705647733,6.562511738310129,6.562570329236729,6.5627799632059665,6.562516837406754,6.562588085111344,6.562828808149881,5.0990966249386815e-06,1.7755874615055234e-05,4.884494391443894e-05
31.300000000000175,48.66249999999997,42.099984052028326,35.53740041761826,28.974587568955787,1.2500000000000049,1.250008894351087,1.2500534013638112,1.2502129962379378,6.562511117938858,6.562566751704764,6.562766245297422,6.562515947971647,6.562583634410068,6.562812848662471,4.830032788838423e-06,1.688270530397773e-05,4.6603365048802914e-05
31.400000000000176,48.78749999999997,42.22498489445879,35.662405486112064,29.099607824837413,1.2500000000000049,1.2500084243046399,1.2500506849380584,1.2502025588162602,6.5625105303808,6.562563356172573,6.562753198520325,6.562515105541181,6.562579408346728,6.562797661274651,4.575160380326793e-06,1.605217415523441e-05,4.446275432545832e-05
31.500000000000178,48.91249999999997,42.34998569237062,35.78741029678167,29.224627088041785,1.2500000000000049,1.250007979118288,1.2500481066960927,1.2501926320437202,6.5625099738978605,6.562560133370116,6.562740790054651,6.56251430762935,6.562575395588951,6.562783208739887,4.333731489225556e-06,1.5262218834521946e-05,4.241868523635617e-05
31.60000000000018,49.03749999999997,42.474986448118166,35.912414862741755,29.3496454071368,1.2500000000000049,1.2500075574754,1.25004565960081,1.250183190950172,6.56250944684425,6.562557074501012,6.562728988687715,6.562513551881807,6.562571585376411,6.562769455604954,4.105037556989544e-06,1.4510875398165979e-05,4.04669172393568e-05
31.70000000000018,49.16249999999997,42.59998716393109,36.03741919643921,29.47466282831561,1.2500000000000049,1.2500071581292462,1.2500433369745472,1.250174211788085,6.5625089476615575,6.562554171218184,6.5627177647351065,6.562512836068883,6.56256796749188,6.562756368123601,3.888407325902676e-06,1.3796273695909633e-05,3.860338849470679e-05
31.800000000000182,49.28749999999997,42.72498784192102,36.16242330968727,29.59967939551285,1.2500000000000049,1.2500067798992731,1.250041132480608,1.2501656719724268,6.562508474874091,6.56255141560076,6.562707089965533,6.5625121580789525,6.5625645322337505,6.562743914174419,3.6832048611046275e-06,1.3116632990417543e-05,3.68242088857329e-05
31.900000000000183,49.41249999999997,42.84998848408778,36.287427213697846,29.724695150515203,1.2500000000000049,1.2500064216675748,1.2500390401057506,1.2501575500235256,6.562508027084468,6.5625488001321886,6.562696937529407,6.562511515912192,6.562561270389935,6.562732063182644,3.4888277236078125e-06,1.2470257746421964e-05,3.5125653236711685e-05
32.000000000000185,49.53749999999997,42.97498909232534,36.412430919112204,29.84971013306648,1.2500000000000049,1.2500060823755554,1.250037054143584,1.2501498255127654,6.562507602969444,6.56254631767948,6.562687281890957,6.5625109076746355,6.562558173213134,6.562720786045723,3.304705191276014e-06,1.1855533653459815e-05,3.350415476610635e-05
32.100000000000186,49.66249999999997,43.09998966842741,36.53743443603009,29.974724380967576,1.2500000000000049,1.2500057610207709,1.2500351691788243,1.2501424790109692,6.562507201275963,6.56254396147353,6.562678098763712,6.562510331572561,6.562555232397322,6.562710055062514,3.1302965979307373e-06,1.1270923792494614e-05,3.1956298801816274e-05
32.20000000000019,49.78749999999997,43.224990214092806,36.66243777403733,30.09973793017151,1.2500000000000049,1.2500054566539396,1.2500333800723697,1.2501354920393377,6.562506820817425,6.562541725090462,6.562669365049172,6.562509785907167,6.562552440055477,6.562699843865818,2.965089742623661e-06,1.071496501481306e-05,3.0478816646528628e-05
32.30000000000019,49.91249999999997,43.349990730930415,36.787440942232045,30.224750814873794,1.2500000000000049,1.250005168376112,1.250031681947146,1.2501288470228127,6.56250646047014,6.562539602433932,6.562661058778516,6.562509269069558,6.5625497886983695,6.562690127358252,2.808599417924995e-06,1.0186264437272996e-05,2.9068579736168942e-05
32.40000000000019,50.03749999999997,43.47499122046401,36.912443949249514,30.349763067598367,1.2500000000000049,1.2500048953359943,1.2500300701746851,1.2501225272457461,6.562506119169993,6.5625375877183565,6.562653159057183,6.5625087795359605,6.562547271214498,6.562680881651147,2.6603659675217273e-06,9.683496141832393e-06,2.772259396444099e-05
32.50000000000019,50.16249999999997,43.599991684136754,37.037446803285754,30.474774719279342,1.2500000000000049,1.2500046367274136,1.250028540362397,1.2501165168097594,6.562505795909267,6.562535675452996,6.562645646012199,6.562508315863219,6.562544880851,6.562672084006412,2.519953952173637e-06,9.205398003864218e-06,2.6437994212535898e-05
32.60000000000019,50.28749999999997,43.724992123315445,37.162449512119906,30.59978579933871,1.2500000000000049,1.2500043917869186,1.2500270883414986,1.250110800593681,6.562505489733648,6.562533860426873,6.562638500742102,6.562507876684528,6.562542611195539,6.562663712781195,2.386950879618155e-06,8.750768666132558e-06,2.521203909289227e-05
32.700000000000195,50.41249999999997,43.8499925392946,37.28745208313546,30.724796335760256,1.2500000000000049,1.2500041597915095,1.2500257101555654,1.250105364215461,6.562505199739387,6.562532137694457,6.562631705269326,6.562507460705376,6.562540456159134,6.5626557473752065,2.260965989542285e-06,8.31846467708175e-06,2.404210588036193e-05
32.800000000000196,50.53749999999997,43.97499293330024,37.41245452334043,30.849806355159853,1.2500000000000049,1.2500039400564886,1.2500244020496747,1.2501001939959633,6.562504925070611,6.562530502562094,6.5626252424949545,6.56250706669973,6.562538409959814,6.562648168180576,2.141629119378763e-06,7.907397719719711e-06,2.292568562189956e-05
32.9000000000002,50.66249999999997,44.09999330649359,37.53745683938644,30.974815882852308,1.2500000000000049,1.2500037319334258,1.2500231604601058,1.2500952769245413,6.562504664916782,6.562528950575132,6.562619096155677,6.562506693506386,6.562536467107151,6.562640956534128,2.0285896038529927e-06,7.516532019025135e-06,2.1860378451421525e-05
33.0000000000002,50.78749999999997,44.22499365997441,37.66245903758689,31.09982494291494,1.2500000000000049,1.2500035348082323,1.2500219820045724,1.250090600626309,6.56250441851029,6.562527477505715,6.562613250782887,6.562506340025564,6.562534622387517,6.562634094671953,1.9215152740059693e-06,7.144881801757208e-06,2.084388906631318e-05
33.1000000000002,50.91249999999997,44.34999399478434,37.787461123934186,31.22483355824804,1.2500000000000049,1.2500033480993378,1.2500208634729553,1.2500861533310235,6.5625041851241726,6.562526079341194,6.562607691663779,6.562506005215631,6.562532870850156,6.562627565686146,1.820091458881734e-06,6.791508961434545e-06,1.9874022366472843e-05
33.2000000000002,51.03749999999997,44.47499431190994,37.912463104116036,31.34984175063239,1.2500000000000049,1.250003171255964,1.250019801818514,1.2500819238434964,6.562503964069955,6.562524752273142,6.5626024048043705,6.5625056880900345,6.562531207793903,6.562621353483646,1.7240200795853866e-06,6.455520760617617e-06,1.8948679275432312e-05
33.3000000000002,51.16249999999997,44.599994612285585,38.03746498353099,31.474849540783936,1.2500000000000049,1.2500030037564913,1.250018794149548,1.2500779015154615,6.562503754695614,6.562523492686935,6.562597376894327,6.562505387714388,6.5625296287545964,6.562615442747052,1.6330187744273417e-06,6.136067661088873e-06,1.806585272579042e-05
33.400000000000205,51.28749999999997,44.724994896796275,38.16246676730314,31.59985694840582,1.2500000000000049,1.2500028451069112,1.2500178377214866,1.2500740762188247,6.562503556383639,6.562522297151858,6.5625925952735304,6.562505103203698,6.562528129493138,6.562609818897318,1.546820058706544e-06,5.832341280154196e-06,1.7223623787643305e-05
33.500000000000206,51.41249999999997,44.84999516628021,38.287468460296076,31.724863992237843,1.2500000000000049,1.2500026948393617,1.2500169299293846,1.250070438320227,6.562503368549202,6.562521162411731,6.562588047900284,6.562504833719764,6.5625267059841335,6.5626044680582325,1.4651705617652055e-06,5.543572402899599e-06,1.6420157948893177e-05
33.60000000000021,51.53749999999997,44.97499542153128,38.41247006712616,31.84987069010353,1.2500000000000049,1.2500025525107412,1.250016068300803,1.250066978656857,6.562503190638426,6.562520085376004,6.5625837233210715,6.56250457846869,6.562525354405125,6.562599377022629,1.3878302640435436e-06,5.2690291205692574e-06,1.565370155720558e-05
33.70000000000021,51.66249999999997,45.09999566330142,38.537471592175066,31.974877058954874,1.2500000000000049,1.2500024177013955,1.250015250489054,1.2500636885134506,6.562503022126744,6.562519063111317,6.562579610641813,6.562504336698552,6.562524071126354,6.562594533220192,1.3145718078533264e-06,5.00801503733328e-06,1.4922578379206186e-05
33.80000000000021,51.78749999999997,45.22499589230281,38.66247303960174,32.09988311491492,1.2500000000000049,1.2500022900138748,1.2500144742667931,1.250060559600418,6.562502862517343,6.562518092833491,6.562575699500522,6.5625041076971655,6.562522852701065,6.562589924686826,1.2451798223622745e-06,4.759867573866927e-06,1.422518630356251e-05
33.90000000000021,51.91249999999997,45.34999610920998,38.787474413353735,32.22488887331822,1.2500000000000049,1.2500021690717562,1.2500137375199383,1.2500575840330432,6.562502711339695,6.562517171899923,6.562571980041304,6.562503890789991,6.562521695856248,6.5625855400355135,1.1794502956519182e-06,4.523956324220535e-06,1.355999420926679e-05
34.00000000000021,52.03749999999997,45.47499631466184,38.91247571717793,32.349894348749395,1.2500000000000049,1.2500020545185309,1.2500130382419,1.2500547543117053,6.5625025681481635,6.562516297802375,6.562568442889631,6.562503685338136,6.5625205974839105,6.562581368428532,1.1171899725326284e-06,4.29968153525806e-06,1.2925538900532274e-05
34.100000000000215,52.16249999999997,45.59999650926349,39.03747695463074,32.4748995550797,1.2500000000000049,1.2500019460165475,1.250012374528107,1.2500520633030658,6.562502432520684,6.562515468160134,6.562565079128833,6.562503490736482,6.56251955463275,6.562577399551039,1.0582157976557482e-06,4.08647261629369e-06,1.232042220600249e-05
34.200000000000216,52.28749999999997,45.72499669358809,39.16247812908782,32.59990450550192,1.2500000000000049,1.250001843246014,1.2500117445708132,1.2500495042221795,6.562502304057517,6.562514680713516,6.562561880277724,6.562503306411884,6.562518564500266,6.562573623585905,1.002354366619329e-06,3.8837867499808e-06,1.1743308180989231e-05
34.30000000000022,52.41249999999997,45.84999686817849,39.28747924375324,32.72490921256347,1.2500000000000049,1.2500017459040516,1.2500111466541668,1.2500470706154794,6.562502182380064,6.5625139333177085,6.562558838269349,6.5625031318214795,6.562517624425254,6.562570031189772,9.494414152655395e-07,3.691107545833461e-06,1.119292042250919e-05
34.40000000000022,52.53749999999997,45.974997033548874,39.41248030166819,32.84991368819793,1.2500000000000049,1.2500016537037986,1.2500105791495348,1.2500447563445956,6.562502067129748,6.562513223936919,6.562555945430745,6.562502966451099,6.5625167318806845,6.56256661347026,8.993213507224596e-07,3.5079437656904133e-06,1.0668039514882821e-05
34.50000000000022,52.66249999999997,46.09999719018623,39.5374813057193,32.974917943755024,1.2500000000000049,1.2500015663735626,1.2500100405110641,1.2500425555709664,6.562501957966953,6.56251255063883,6.5625531944637086,6.5625028098137435,6.562515884466933,6.562563361964273,8.518467904394811e-07,3.333828102469738e-06,1.0167500564151055e-05
34.60000000000022,52.78749999999997,46.22499733855183,39.66248225864644,33.099921990029145,1.2500000000000049,1.2500014836560176,1.250009529271469,1.2500404627412025,6.562501854570022,6.562511911589336,6.562550578426503,6.562502661448143,6.562515079905388,6.562560268617297,8.06878120762633e-07,3.168316052182263e-06,9.69019079377631e-06
34.70000000000022,52.91249999999997,46.349997479082575,39.78748316305025,33.22492583728646,1.2500000000000049,1.2500014053074426,1.2500090440380356,1.2500384725731635,6.562501756634303,6.562511305047544,6.562548090716454,6.562502520917398,6.562514316032328,6.562557325763784,7.642830954779356e-07,3.010984783280435e-06,9.235047329525514e-06
34.800000000000225,53.03749999999997,46.474997612192276,39.91248402139913,33.34992949529074,1.2500000000000049,1.2500013310970024,1.2500085834888273,1.2500365800427198,6.562501663871253,6.562510729361034,6.5625457250534,6.562502387807697,6.562513590793145,6.562554526108393,7.239364441247176e-07,2.8614321108122454e-06,8.801054993234914e-06
34.900000000000226,53.16249999999997,46.59999773827288,40.037484836036036,33.47493297332785,1.2500000000000049,1.2500012608060649,1.2500081463690869,1.250034780371158,6.562501576007581,6.562510182961359,6.562543475463947,6.56250226172709,6.562512902236847,6.562551862708183,6.857195087306422e-07,2.719275488338724e-06,8.387244236018887e-06
35.00000000000023,53.28749999999997,46.72499785769564,40.16248560918482,33.59993628022917,1.2500000000000049,1.2500011942275555,1.2500077314878195,1.2500330690132042,6.5625014927844445,6.562509664359775,6.562541336266506,6.562502142304332,6.562512248510821,6.562549328955647,6.495198876521613e-07,2.584151046036709e-06,7.99268914164486e-06
35.10000000000023,53.41249999999997,46.849997970812176,40.28748634295628,33.72493942439374,1.2500000000000049,1.2500011311653458,1.2500073377145506,1.2500314416456306,6.562501413956682,6.562509172143188,6.562539302057038,6.562502029187797,6.562511627855898,6.562546918562539,6.152311149421053e-07,2.455712709625857e-06,7.616505500962489e-06
35.20000000000023,53.53749999999997,46.97499807795554,40.412487039353906,33.84994241380938,1.2500000000000049,1.2500010714336742,1.2500069639762497,1.2500298941564192,6.562501339292092,6.562508704970313,6.5625373676955245,6.562501922044433,6.5625110386016345,6.5625446255445254,5.827523406054524e-07,2.3336313219601834e-06,7.257849000907868e-06
35.30000000000023,53.66249999999997,47.0999981794412,40.53748770027935,33.97494525607283,1.2500000000000049,1.2500010148565976,1.2500066092544098,1.2500284226344556,6.562501268570747,6.562508261568012,6.562535528293069,6.562501820558772,6.562510479161851,6.562542444206521,5.519880250659526e-07,2.217593839226595e-06,6.915913451699396e-06
35.40000000000023,53.78749999999997,47.22499827556795,40.66248832753758,34.0999479584088,1.2500000000000049,1.2500009612674714,1.2500062725822767,1.2500270233597246,6.56250120158434,6.562507840727846,6.562533779199656,6.562501724432025,6.5625099480303675,6.562540369128783,5.228476851470987e-07,2.107302521814347e-06,6.589929126832317e-06
35.500000000000234,53.91249999999997,47.34999836661879,40.7874889228418,34.22495052768819,1.2500000000000049,1.2500009105084584,1.2500059530422183,1.250025692793985,6.562501138135573,6.562507441302773,6.562532115992481,6.562501633381181,6.562509443776989,6.562538395153609,4.95245608078676e-07,2.0024742157787045e-06,6.2791611279422455e-06
35.600000000000236,54.03749999999997,47.4749984528618,40.91248948781813,34.349952970445386,1.2500000000000049,1.2500008624300625,1.2500056497632284,1.2500244275719001,6.562501078037578,6.562507062204036,6.562530534464875,6.562501547138176,6.562508965043669,6.562536517372742,4.6910059747773403e-07,1.90283963341642e-06,5.982907866908249e-06
35.70000000000024,54.16249999999997,47.59999853455086,41.03749002400998,34.47495529289465,1.2500000000000049,1.2500008168906878,1.2500053619185567,1.2500232244925997,6.562501021113359,6.562506702398196,6.5625290306157495,6.56250146544911,6.56250851054088,6.562534731115335,4.44335750415803e-07,1.8081426844673842e-06,5.700499585259422e-06
35.80000000000024,54.28749999999997,47.72499861192649,41.16249053288233,34.59995750094581,1.2500000000000049,1.2500007737562207,1.2500050887234615,1.2500220805116555,6.562500967195276,6.562506360904327,6.562527600639569,6.5625013880734855,6.562508079044157,6.562533031936518,4.2087820961711486e-07,1.7181398304089157e-06,5.4312969481884465e-06
35.90000000000024,54.41249999999997,47.84999868521645,41.28749101582564,34.72495960021916,1.2500000000000049,1.2500007328996339,1.2500048294330737,1.2500209927334474,6.5625009161245424,6.562506036791342,6.562526240916809,6.562501314783525,6.562507669390811,6.562531415606479,3.986589822702058e-07,1.632599468948115e-06,5.1746896696514e-06
36.00000000000024,54.53749999999997,47.97499875463651,41.41249147415967,34.84996159605955,1.2500000000000049,1.2500006942006128,1.250004583340372,1.250019958403901,6.5625008677507655,6.562505729175465,6.562524948004876,6.562501245363464,6.5625072804768365,6.562529878100122,3.7761269844338585e-07,1.5513013718049251e-06,4.930095245825328e-06
36.10000000000024,54.66249999999997,48.09999882039103,41.537491909137096,34.97496349354991,1.2500000000000049,1.250000657545199,1.2500043497742597,1.2500189749035808,6.562500821931499,6.562505437217824,6.5625237186294765,6.562501179608944,6.562506911253934,6.562528415587188,3.5767744499537457e-07,1.4740361091725163e-06,4.696957711658456e-06
36.200000000000244,54.78749999999997,48.224998882673574,41.66249232194687,35.09996529752402,1.2500000000000049,1.2500006228254557,1.2500041280977403,1.2500180397411207,6.5625007785318195,6.562505160122175,6.562522549676401,6.5625011173263985,6.562506560726703,6.562527024422849,3.3879457905783283e-07,1.4006045283565527e-06,4.474746448046574e-06
36.300000000000246,54.91249999999997,48.34999894166749,41.78749271371749,35.224967012578716,1.2500000000000049,1.2500005899391486,1.250003917706184,1.2500171505469726,6.562500737423935,6.5625048971327296,6.562521438183715,6.5625010583324865,6.562506227949996,6.5625257011387745,3.2090855128785734e-07,1.3308172661652407e-06,4.2629550591755105e-06
36.40000000000025,55.03749999999997,48.47499899754643,41.91249308552006,35.34996864308546,1.2500000000000049,1.2500005587894447,1.2500037180256844,1.2500163050674624,6.562500698486806,6.562504647532106,6.562520381334328,6.562501002453544,6.562505912026367,6.562524442434601,3.0396673800225926e-07,1.264494261299376e-06,4.061100272956253e-06
36.50000000000025,55.16249999999997,48.59999905047489,42.037493438371214,35.47497019320137,1.2500000000000049,1.2500005292846263,1.2500035285114983,1.2500155011591338,6.5625006616057835,6.562504410639373,6.562519376448917,6.562500949525081,6.562505612103678,6.562523245169842,2.879192972926603e-07,1.2014643049340634e-06,3.868720924948832e-06
36.60000000000025,55.28749999999997,48.72499910060868,42.16249377323587,35.59997166687971,1.2500000000000049,1.2500005013378215,1.2500033486465638,1.2500147367833692,6.562500626672277,6.562504185808205,6.562518420979211,6.562500899391296,6.562505327372804,6.5625221063561625,2.727190189233397e-07,1.1415645992940426e-06,3.6853769511679957e-06
36.70000000000025,55.41249999999997,48.84999914809535,42.287494091029885,35.72497306787984,1.2500000000000049,1.250000474866747,1.2500031779400944,1.2500140100012722,6.562500593583434,6.562503972425118,6.56251751250159,6.562500851904623,6.562505057065465,6.5625210231500475,2.5832118932811454e-07,1.0846403473152577e-06,3.510648457272225e-06
36.80000000000025,55.53749999999997,48.974999193074694,42.412494392622506,35.84997439977672,1.2500000000000049,1.2500004497934671,1.250003015926244,1.2500133189688007,6.5625005622418335,6.562503769907805,6.562516648711001,6.562500806925279,6.562504800452189,6.562519992845786,2.4468344506090034e-07,1.0305443840508133e-06,3.3441347850882153e-06
36.900000000000254,55.66249999999997,49.099999235679114,42.53749467883879,35.974975665969936,1.2500000000000049,1.2500004260441624,1.2500028621628412,1.2500126619321354,6.5625005325552035,6.562503577703551,6.56251582741517,6.562500764320859,6.562504556840324,6.562519012868854,2.317656555561598e-07,9.791367725497935e-07,3.1854536848285875e-06
37.000000000000256,55.78749999999997,49.224999276034005,42.662494950461806,36.09997686969226,1.2500000000000049,1.2500004035489125,1.2500027162301854,1.2500120372232761,6.562500504436141,6.562503395287732,6.562515046529095,6.562500723965968,6.562504325572199,6.562518080769543,2.195298272056334e-07,9.302844672376409e-07,3.0342404482297525e-06
37.10000000000026,55.91249999999997,49.349999314258156,42.787495208234795,36.22497801401785,1.2500000000000049,1.2500003822414913,1.2500025777299069,1.2500114432558513,6.562500477801864,6.562503222162384,6.562514304069814,6.562500685741817,6.562504106023361,6.5625171942169445,2.0793995325618653e-07,8.838609772965356e-07,2.8901471305076143e-06
37.20000000000026,56.03749999999997,49.474999350464074,42.91249545286318,36.34997910186996,1.2500000000000049,1.2500003620591702,1.2500024462838826,1.2500108785211324,6.562500452573962,6.562503057854853,6.5625135981514156,6.562500649535899,6.562503897600891,6.562516350993221,1.9696193653828686e-07,8.397460380393795e-07,2.7528418051758763e-06
37.30000000000026,56.16249999999997,49.59999938475833,43.0374956850165,36.474980136028385,1.2500000000000049,1.2500003429425337,1.2500023215332074,1.2500103415842427,6.562500428678167,6.56250290191651,6.562512926980304,6.562500615241646,6.562503699741825,6.562515548988117,1.8656347933188044e-07,7.978253151463832e-07,2.622007812647098e-06
37.40000000000026,56.28749999999997,49.72499941724186,43.162495905330225,36.59998111913644,1.2500000000000049,1.2500003248353053,1.2500022031372193,1.2500098310805505,6.562500406044132,6.562502753921525,6.562512288850688,6.562500582758112,6.562503511911636,6.562514786193788,1.7671398033769492e-07,7.579901115661869e-07,2.497343099427951e-06
37.50000000000026,56.41249999999997,49.84999944801028,43.28749611440748,36.72498205370766,1.2500000000000049,1.2500003076841804,1.2500020907725717,1.250009345712239,6.562500384605226,6.562502613465715,6.562511682140299,6.562500551989693,6.562503333602798,6.562514060699819,1.6738446717567967e-07,7.201370832987664e-07,2.378559520010981e-06
37.600000000000264,56.53749999999997,49.97499947715415,43.412496312820714,36.849982942132165,1.2500000000000049,1.2500002914386696,1.2500019841323546,1.2500088842450416,6.562500364298337,6.562502480165444,6.562511105306302,6.5625005228458235,6.562503164333435,6.562513370688549,1.5854748625088178e-07,6.841679915936538e-07,2.265382247124137e-06
37.700000000000266,56.66249999999997,50.099999504759246,43.53749650111324,36.97498378668268,1.2500000000000049,1.2500002760509508,1.2500018829252595,1.250008445505139,6.562500345063689,6.5625023536565745,6.562510556881424,6.562500495240727,6.5625030036460075,6.562512714430561,1.5017703791642134e-07,6.499894329436984e-07,2.157549136683201e-06
37.80000000000027,56.78749999999997,50.22499953090682,43.66249667980072,37.0999845895203,1.2500000000000049,1.250000261475727,1.2500017868747864,1.2500080283762054,6.562500326844659,6.562502233593483,6.562510035470257,6.562500469093152,6.562502851106103,6.562512090280421,1.422484929847201e-07,6.175126205931747e-07,2.0548101646866712e-06
37.90000000000027,56.91249999999997,50.34999955567383,43.787496849372566,37.22498535269996,1.2500000000000049,1.250000247670094,1.2500016957184927,1.2500076317966,6.562500309587618,6.562502119648116,6.56250953974575,6.56250044432614,6.562502706301267,6.562511496672606,1.3473852256140617e-07,5.866531509468587e-07,1.956926856117036e-06
38.00000000000027,57.03749999999997,50.474999579133176,43.91249701029329,37.34998607817563,1.2500000000000049,1.250000234593413,1.2500016092072783,1.2500072547566943,6.562500293241766,6.562502011509098,6.562509068445868,6.562500420866797,6.562502568839882,6.562510932117661,1.276250314319327e-07,5.573307841899577e-07,1.8636717928899316e-06
38.10000000000027,57.16249999999997,50.59999960135389,44.03749716300376,37.47498676780526,1.2500000000000049,1.2500002222071918,1.2500015271047082,1.2500068962963307,6.562500277758989,6.562501908880885,6.562508620370413,6.56250039864608,6.56250243835013,6.562510395198501,1.208870905600179e-07,5.294692444479665e-07,1.7748280880525158e-06
38.20000000000027,57.28749999999997,50.72499962240139,44.1624973079224,37.5999874233555,1.2500000000000049,1.2500002104749712,1.2500014491863691,1.2500065555024054,6.562500263093714,6.562501811482962,6.562508194378006,6.562500377598582,6.562502314478991,6.5625098845669,1.1450486780972824e-07,5.029960288283064e-07,1.6901888937326248e-06
38.300000000000274,57.41249999999997,50.849999642337615,44.28749744544633,37.724988046506155,1.2500000000000049,1.2500001993622174,1.2500013752392587,1.2500062315065672,6.562500249202772,6.562501719049074,6.5625077893832096,6.562500357662358,6.5625021968912876,6.562509398940172,1.0845958620109286e-07,4.778422137974303e-07,1.6095569623786332e-06
38.400000000000276,57.53749999999997,50.97499966122124,44.41249757595245,37.849988638854455,1.2500000000000049,1.2500001888362198,1.250001305061206,1.2500059234830307,6.562500236045275,6.562501631326508,6.562507404353788,6.562500338778733,6.56250208526879,6.562508937097995,1.0273345818490043e-07,4.539422819860306e-07,1.5327442071111363e-06
38.50000000000028,57.66249999999997,51.09999967910784,44.537497699798486,37.97498920191911,1.2500000000000049,1.2500001788659956,1.2500012384603212,1.250005630646495,6.562500223582495,6.562501548075401,6.5625070383081185,6.562500320892134,6.562501979309353,6.562508497879378,9.730963945742133e-08,4.3123395165878264e-07,1.4595712594100974e-06
38.60000000000028,57.78749999999997,51.224999696050055,44.66249781732393,38.09998973714413,1.2500000000000049,1.2500001694221983,1.2500011752544726,1.2500053522501642,6.562500211777747,6.56250146906809,6.562506690312706,6.562500303949918,6.562501878726124,6.5625080801798035,9.217217034063196e-08,4.096580337176192e-07,1.3898670978562677e-06
38.70000000000028,57.91249999999997,51.349999712097755,44.78749792885101,38.22499024590251,1.2500000000000049,1.2500001604770312,1.2500011152707924,1.2500050875838637,6.562500200596289,6.562501394088491,6.56250635947983,6.562500287902218,6.562501783246745,6.5625076829485,8.730592870875853e-08,3.8915825406604654e-07,1.3234686697671805e-06
38.80000000000028,58.03749999999997,51.47499972729817,44.912498034685534,38.34999072949974,1.2500000000000049,1.2500001520041655,1.2500010583452041,1.2500048359722515,6.562500190005207,6.562501322931505,6.562506044965314,6.562500272701804,6.562501692612635,6.562507305185797,8.269659712567545e-08,3.6968113015234394e-07,1.2602204826350771e-06
38.90000000000028,58.16249999999997,51.59999974169604,45.03749813511773,38.47499118917705,1.2500000000000049,1.2500001439786625,1.2500010043219776,1.250004596773112,6.562500179973329,6.562501255402472,6.56250574596639,6.562500258303935,6.562501606578309,6.562506945940683,7.833060600148656e-08,3.511758368546225e-07,1.1999742932644608e-06
39.000000000000284,58.28749999999997,51.72499975533373,45.16249823042306,38.59999162611462,1.2500000000000049,1.2500001363769002,1.2500009530533043,1.250004369375736,6.562500170471125,6.56250119131663,6.56250546171967,6.562500244666246,6.562501524910665,6.562506604308439,7.419512115802718e-08,3.3359403506239005e-07,1.1425887684879399e-06
39.100000000000286,58.41249999999997,51.84999976825138,45.28749832086295,38.72499204143456,1.2500000000000049,1.2500001291765046,1.2500009043988938,1.2500041531993797,6.562500161470631,6.562501130498617,6.562505191499225,6.562500231748594,6.562501447388428,6.562506279428391,7.027796300462796e-08,3.168898103922402e-07,1.087929165421997e-06
39.20000000000029,58.53749999999997,51.97499978048701,45.41249840668551,38.84999243620374,1.2500000000000049,1.2500001223562829,1.2500008582255933,1.2500039476917992,6.562500152945354,6.562501072781991,6.562504934614749,6.5625002195129625,6.562501373801503,6.562505970481766,6.656760831447173e-08,3.010195115393799e-07,1.035867017051828e-06
39.30000000000029,58.66249999999997,52.09999979207662,45.53749848812621,38.97499281143653,1.2500000000000049,1.2500001158961611,1.250000814407024,1.2500037523278535,6.562500144870201,6.5625010180087795,6.562504690409817,6.56250020792335,6.5625013039504125,6.562505676689682,6.305314848020771e-08,2.859416330380782e-07,9.862798648896387e-07
39.40000000000029,58.78749999999997,52.22499980305434,45.662498565408534,39.09999316809735,1.2500000000000049,1.250000109777126,1.2500007728232367,1.2500035666081803,6.562500137221408,6.562500966029046,6.562504458260225,6.562500196945635,6.5625012376458045,6.562505397311185,5.972422734146221e-08,2.7161675841824717e-07,9.390509596585161e-07
39.50000000000029,58.91249999999997,52.349999813452456,45.78749863874457,39.22499350710314,1.2500000000000049,1.2500001039811677,1.2500007333603858,1.2500033900579328,6.56250012997646,6.562500916700483,6.562504237572416,6.562500186547517,6.562501174707883,6.56250513164143,5.657105717205013e-08,2.580074003333266e-07,8.940690143788288e-07
39.60000000000029,59.03749999999997,52.47499982330158,45.91249870833561,39.3499938293257,1.2500000000000049,1.2500000984912276,1.2500006959104184,1.2500032222255797,6.5625001231140345,6.562500869888023,6.562504027781975,6.562500176698393,6.562501114965968,6.562504879009914,5.358435828384245e-08,2.450779454932217e-07,8.512279396910571e-07
39.700000000000294,59.16249999999997,52.599999832630694,46.03749877437269,39.474994135593874,1.2500000000000049,1.2500000932911477,1.2500006603707805,1.2500030626817638,6.5625001166139345,6.562500825463475,6.562503828352204,6.562500167369279,6.562501058258,6.562504638778819,5.0755344815911485e-08,2.327945249902541e-07,8.104266147057615e-07
39.800000000000296,59.28749999999997,52.72499984146726,46.162498837037106,39.599994426695694,1.2500000000000049,1.2500000883656235,1.2500006266441361,1.2500029110182158,6.562500110457029,6.56250078330517,6.562503638772769,6.562500158532714,6.562501004430153,6.562504410341411,4.8075684766502036e-08,2.2112498321291696e-07,7.715686418663381e-07
39.9000000000003,59.41249999999997,52.849999849837275,46.287498896500914,39.72499470338037,1.2500000000000049,1.2500000837001581,1.2500005946381043,1.2500027668467215,6.562500104625197,6.562500743297631,6.5625034585584014,6.562500150162698,6.562500953336361,6.562504193120546,4.553750088120978e-08,2.1003873040825738e-07,7.345621444443395e-07
40.0000000000003,59.53749999999997,52.974999857765376,46.412498952927415,39.849994966360185,1.2500000000000049,1.2500000792810209,1.2500005642650052,1.2500026297981393,6.5625000991012765,6.5625007053312565,6.562503287247674,6.562500142234597,6.562500904837961,6.562503986567229,4.313332091498978e-08,1.9950670449020436e-07,6.993195551530107e-07
40.1000000000003,59.66249999999997,53.099999865274896,46.53749900647158,39.97499521631233,1.2500000000000049,1.2500000750952056,1.2500005354416217,1.2500024995214662,6.562500093869007,6.562500669302027,6.562503124401832,6.562500134725077,6.562500858803318,6.562503790159248,4.085607052672913e-08,1.89501291103511e-07,6.65757415418966e-07
40.2000000000003,59.78749999999997,53.22499987238793,46.66249905728048,40.099995453880624,1.2500000000000049,1.2500000711303931,1.250000508088973,1.2500023756829495,6.562500088912992,6.562500635111216,6.5625029696036865,6.56250012761204,6.562500815107455,6.562503603399854,3.869904841025118e-08,1.7999623924680463e-07,6.337961675484394e-07
40.3000000000003,59.91249999999997,53.34999987912543,46.78749910549369,40.22499567967715,1.2500000000000049,1.2500000673749145,1.2500004821320985,1.2500022579652397,6.562500084218643,6.562500602665123,6.562502822456549,6.562500120874546,6.56250077363174,6.562503425816537,3.6655903201676665e-08,1.7096661686366588e-07,6.033599877497409e-07
40.400000000000304,60.03749999999997,53.4749998855072,46.91249915124367,40.34999589428381,1.2500000000000049,1.2500000638177169,1.2500004574998547,1.2500021460665878,6.562500079772146,6.562500571874819,6.562502682583235,6.562500114492771,6.56250073426353,6.5625032569598645,3.472062459763947e-08,1.6238871136664557e-07,5.743766298138553e-07
40.500000000000306,60.16249999999997,53.59999989155204,47.03749919465614,40.47499609825382,1.2500000000000049,1.2500000604483312,1.2500004341247193,1.2500020397000806,6.562500075560414,6.562500542655899,6.562502549625101,6.562500108447935,6.562500696895896,6.562503096402324,3.288752115082616e-08,1.5423999677466327e-07,5.467772226097622e-07
40.60000000000031,60.28749999999997,53.72499989727772,47.162499235850404,40.59999629211311,1.2500000000000049,1.2500000572568413,1.250000411942608,1.2500019385929129,6.562500071571051,6.56250051492826,6.562502423241141,6.562500102722254,6.562500661427315,6.562502943737293,3.115120250640757e-08,1.4649905466512791e-07,5.204961519567064e-07
40.70000000000031,60.41249999999997,53.84999990270111,47.28749927493968,40.72499647636168,1.2500000000000049,1.2500000542338545,1.2500003908926993,1.250001842485696,6.562500067792318,6.562500488615874,6.56250230310712,6.562500097298866,6.56250062776143,6.562502798577995,2.9506547427615715e-08,1.391455564103694e-07,4.954708749949077e-07
40.80000000000031,60.53749999999997,53.97499990783815,47.4124993120314,40.84999665147486,1.2500000000000049,1.2500000513704739,1.2500003709172696,1.2500017511318,6.562500064213093,6.562500463646587,6.56250218891475,6.5625000921618195,6.562500595806753,6.5625026605565395,2.794872688838268e-08,1.3216016636619088e-07,4.716417896233338e-07
40.90000000000031,60.66249999999997,54.09999991270398,47.53749934722755,40.97499681790453,1.2500000000000049,1.2500000486582727,1.2500003519615341,1.250001664296727,6.562500060822841,6.562500439951918,6.562502080370908,6.562500087295994,6.562500565476427,6.5625025293230195,2.6473153447170716e-08,1.2552450900926715e-07,4.4895211104289956e-07
41.00000000000031,60.78749999999997,54.22499991731291,47.6624993806249,41.099996976080284,1.2500000000000049,1.250000046089269,1.2500003339734986,1.2500015817575172,6.562500057611587,6.5625004174668735,6.562501977196897,6.562500082687066,6.562500536688006,6.562502404544617,2.507547947061539e-08,1.1922113252182953e-07,4.273477198779574e-07
41.100000000000314,60.91249999999997,54.349999921678496,47.787499412315285,41.2249971264105,1.2500000000000049,1.250000043655902,1.250000316903817,1.2500015033021816,6.5625000545698775,6.562500396129771,6.562501879127727,6.562500078321477,6.562500509363211,6.562502285904785,2.3751599798060852e-08,1.1323344040192751e-07,4.067770573712437e-07
41.200000000000315,61.03749999999997,54.4749999258136,47.91249944238585,41.34999726928341,1.2500000000000049,1.2500000413510102,1.2500003007056557,1.2500014287291654,6.562500051688763,6.5625003758820695,6.562501785911457,6.562500074186374,6.562500483427748,6.5625021731024376,2.2497611773530934e-08,1.0754567814075244e-07,3.871909806107965e-07
41.30000000000032,61.16249999999997,54.59999992973038,48.03749947091931,41.474997405068095,1.2500000000000049,1.2500000391678103,1.250000285334568,1.2500013578468336,6.5625000489597625,6.56250035666821,6.562501697308543,6.562500070269593,6.562500458811073,6.562502065851213,2.1309830344762304e-08,1.0214286305654241e-07,3.685426701593997e-07
41.40000000000032,61.28749999999997,54.724999933440365,48.16249949799415,41.599997534115396,1.2500000000000049,1.2500000370998774,1.2500002707483706,1.2500012904729858,6.562500046374847,6.562500338435463,6.562501613091232,6.562500066559608,6.562500435446218,6.562501963878752,2.018476052967344e-08,9.701075498469436e-08,3.507875199204591e-07
41.50000000000032,61.41249999999997,54.849999936954475,48.28749952368485,41.72499765675884,1.2500000000000049,1.2500000351411256,1.250000256907029,1.2500012264343925,6.562500043926407,6.562500321133786,6.56250153304299,6.562500063045498,6.562500413269625,6.562501866926013,1.911909031093728e-08,9.213583851419571e-08,3.338830225629863e-07
41.60000000000032,61.53749999999997,54.974999940283055,48.41249954806211,41.84999777331547,1.2500000000000049,1.2500000332857903,1.2500002437725486,1.2500011655663545,6.562500041607238,6.562500304715686,6.562501456957943,6.562500059716918,6.562500392220947,6.562501774746636,1.8109679977840187e-08,8.750526170331341e-08,3.1778869313825453e-07
41.70000000000032,61.66249999999997,55.0999999434359,48.537499571192996,41.9749978840867,1.2500000000000049,1.2500000315284114,1.250000231308871,1.2500011077122848,6.562500039410514,6.562500289136088,6.562501384640356,6.562500056564076,6.562500372242901,6.562501687106298,1.715356212628194e-08,8.310681298695499e-08,3.0246594207028465e-07
41.800000000000324,61.78749999999997,55.22499994642228,48.66249959314117,42.099997989359025,1.2500000000000049,1.250000029863817,1.2500002194817748,1.2500010527233087,6.562500037329771,6.562500274352218,6.562501315904136,6.562500053577693,6.562500353281109,6.562501603782145,1.624792211885051e-08,7.892889097860234e-08,2.878780094306421e-07
41.900000000000325,61.91249999999997,55.34999994925099,48.78749961396705,42.224998089404814,1.2500000000000049,1.2500000282871082,1.2500002082587827,1.2500010004578865,6.562500035358886,6.562500260323478,6.562501250572359,6.56250005074898,6.562500335283943,6.5625015245622365,1.5390094532108378e-08,7.496046450228278e-08,2.7398987789695184e-07
42.00000000000033,62.03749999999997,55.47499995193036,48.912499633727954,42.349998184482956,1.2500000000000049,1.2500000267936446,1.250000197609072,1.250000950781452,6.562500033492055,6.56250024701134,6.562501188476815,6.562500048069616,6.562500318202403,6.562501449244998,1.4577560492057273e-08,7.119106282260645e-08,2.6076818304687777e-07
42.10000000000033,62.16249999999997,55.59999995446826,49.037499652478296,42.474998274839564,1.2500000000000049,1.2500000253790315,1.250000187503391,1.2500009035660709,6.56250003172379,6.562500234379239,6.562501129457589,6.5625000455317135,6.562500301989964,6.562501377638732,1.3807923693320845e-08,6.761072501859644e-08,2.481811431920278e-07
42.20000000000033,62.28749999999997,55.72499995687217,49.162499670269696,42.599998360708575,1.2500000000000049,1.2500000240391056,1.2500001779139784,1.2500008586901137,6.5625000300488825,6.562500222392473,6.562501073362642,6.562500043127805,6.5625002866024715,6.562501309561121,1.3078922833642537e-08,6.420999820733186e-08,2.3619847855371745e-07
42.30000000000033,62.41249999999997,55.84999995914916,49.28749968715115,42.72499844231237,1.2500000000000049,1.2500000227699237,1.2500001688144886,1.2500008160379468,6.562500028462405,6.5625002110181105,6.562501020047433,6.562500040850814,6.562500271998012,6.562501244838778,1.2388409409425094e-08,6.097990112863272e-08,2.247913446495886e-07
42.40000000000033,62.53749999999997,55.97499996130593,49.41249970316914,42.84999851986233,1.2500000000000049,1.2500000215677507,1.2500001601799184,1.2500007754996374,6.562500026959688,6.562500200224898,6.562500969374547,6.56250003869404,6.562500258136794,6.562501183306807,1.1734352156622663e-08,5.7911895723350426e-08,2.139322603511573e-07
42.500000000000334,62.66249999999997,56.099999963348836,49.53749971836779,42.9749985935594,1.2500000000000049,1.2500000204290487,1.2500001519865398,1.250000736970673,6.562500025536311,6.562500189983175,6.562500921213341,6.562500036651137,6.562500244981045,6.562501124808392,1.1114826392599753e-08,5.4997870257977866e-08,2.03595051040395e-07
42.600000000000335,62.78749999999997,56.224999965283885,49.66249973278897,43.09999866359457,1.2500000000000049,1.2500000193504666,1.250000144211834,1.2500007003516949,6.562500024188083,6.562500180264792,6.562500875439619,6.562500034716088,6.562500232494912,6.562501069194404,1.052800513434704e-08,5.223011978472414e-08,1.9375478554906067e-07
42.70000000000034,62.91249999999997,56.349999967116766,49.78749974647241,43.224998730149395,1.2500000000000049,1.2500000183288298,1.2500001368344307,1.2500006655482452,6.5625000229110375,6.562500171043038,6.562500831935306,6.562500032883207,6.562500220644353,6.562501016323019,9.972169756622407e-09,4.960131416709146e-08,1.8438771220985473e-07
42.80000000000034,63.03749999999997,56.47499996885288,49.91249975945582,43.349998793396445,1.2500000000000049,1.2500000173611323,1.2500001298340484,1.2500006324705257,6.562500021701416,6.562500162292561,6.562500790588157,6.562500031147096,6.562500209397058,6.562500966059375,9.445679793884665e-09,4.710449719169674e-08,1.754712180002116e-07
42.90000000000034,63.16249999999997,56.59999997049733,50.03749977177496,43.47499885349976,1.2500000000000049,1.2500000164445262,1.25000012319144,1.2500006010331683,6.562500020555658,6.5625001539892995,6.56250075129146,6.562500029502644,6.562500198722368,6.562500918275198,8.946986262969858e-09,4.473306880470318e-08,1.6698373794810095e-07
43.00000000000034,63.28749999999997,56.72499997205496,50.162499783463794,43.59999891061526,1.2500000000000049,1.2500000155763138,1.2500001168883403,1.250000571155017,6.562500019470392,6.562500146110425,6.562500713943772,6.562500027945013,6.562500188591166,6.562500872848531,8.474621004950222e-09,4.248074070289931e-08,1.5890475957291983e-07
43.10000000000034,63.41249999999997,56.84999997353035,50.287499794554535,43.72499896489116,1.2500000000000049,1.25000001475394,1.2500001109074153,1.250000542758921,6.562500018442425,6.5625001386342685,6.562500678448651,6.562500026469621,6.562500178975817,6.562500829663378,8.027195796955766e-09,4.0341548768196844e-08,1.5121472696222327e-07
43.200000000000344,63.53749999999997,56.97499997492785,50.41249980507776,43.84999901646831,1.2500000000000049,1.250000013974985,1.2500001052322147,1.2500005157715368,6.562500017468731,6.5625001315402685,6.5625006447144205,6.562500025072126,6.5625001698500895,6.562500788609448,7.603394358568494e-09,3.8309821093207574e-08,1.4389502744904803e-07
43.300000000000345,63.66249999999997,57.09999997625156,50.53749981506247,43.974999065480624,1.2500000000000049,1.2500000132371563,1.2500000998471275,1.2500004901231425,6.562500016546445,6.56250012480891,6.562500612653928,6.562500023748413,6.562500161189092,6.562500749581844,7.201967910930307e-09,3.6380182422135476e-08,1.3692791611674693e-07
43.40000000000035,63.78749999999997,57.22499997750539,50.662499824536205,44.09999911205537,1.2500000000000049,1.2500000125382826,1.2500000947373389,1.250000465747457,6.562500015672853,6.562500118421673,6.562500582184321,6.562500022494582,6.562500152969186,6.562500712480833,6.821728959494067e-09,3.454751240639098e-08,1.3029651224627514e-07
43.50000000000035,63.91249999999997,57.34999997869302,50.78749983352508,44.224999156313515,1.2500000000000049,1.2500000118763068,1.25000008988879,1.2500004425814732,6.562500014845384,6.562500112360987,6.562500553226842,6.562500021306953,6.562500145167938,6.562500677211567,6.461569057591987e-09,3.280695093366148e-08,1.2398472470920296e-07
43.60000000000035,64.03749999999998,57.47499997981795,50.9124998420539,44.34999919837004,1.2500000000000049,1.250000011249281,1.2500000852881388,1.2500004205652948,6.562500014061602,6.562500106610173,6.562500525706619,6.5625000201820285,6.562500137764054,6.562500643683855,6.1204268320125266e-09,3.115388125252139e-08,1.1797723598050425e-07
43.70000000000035,64.16249999999998,57.59999998088349,51.03749985014617,44.47499923833424,1.2500000000000049,1.2500000106553604,1.2500000809227243,1.2500003996419842,6.5625000133192,6.562500101153406,6.56250049955248,6.5625000191164915,6.56250013073732,6.562500611811927,5.797291535714066e-09,2.9583913985220534e-08,1.1225944707149438e-07
43.80000000000035,64.28749999999998,57.724999981892765,51.16249985782422,44.59999927630998,1.2500000000000049,1.2500000100927966,1.2500000767805308,1.2500003797574157,6.562500012615995,6.562500095975663,6.56250047469677,6.562500018107215,6.562500124068542,6.562500581514243,5.491219923214885e-09,2.809287913407843e-08,1.0681747308893819e-07
43.900000000000354,64.41249999999998,57.84999998284876,51.28749986510924,44.724999312395994,1.2500000000000049,1.2500000095599342,1.2500000728501561,1.2500003608601387,6.5625000119499175,6.562500091062695,6.562500451075174,6.562500017151223,6.562500117739518,6.562500552713246,5.201305164348469e-09,2.6676822528770572e-08,1.0163807218077636e-07
44.000000000000355,64.53749999999998,57.97499998375428,51.412499872021314,44.84999934668612,1.2500000000000049,1.250000009055205,1.2500000691207795,1.2500003429012436,6.562500011319006,6.562500086400974,6.562500428626555,6.5625000162457,6.562500111732966,6.562500525335196,4.9266937196534855e-09,2.5331991615473726e-08,9.670864109523336e-08
44.10000000000036,64.66249999999998,58.09999998461199,51.537499878579524,44.97499937926954,1.2500000000000049,1.2500000085771237,1.250000065582133,1.2500003258342385,6.562500010721404,6.562500081977666,6.562500407292799,6.5625000153879895,6.562500106032466,6.562500499309984,4.6665853403737856e-09,2.4054799929729143e-08,9.201718498275113e-08
44.20000000000036,64.78749999999998,58.22499998542442,51.662499884801974,45.099999410231035,1.2500000000000049,1.2500000081242835,1.2500000622244722,1.2500003096149293,6.562500010155354,6.562500077780591,6.562500387018662,6.562500014575562,6.562500100622444,6.562500474570939,4.42020819946265e-09,2.284185285361673e-08,8.755227742796023e-08
44.30000000000036,64.91249999999998,58.34999998619395,51.78749989070583,45.224999439651164,1.2500000000000049,1.2500000076953517,1.2500000590385498,1.2500002942013066,6.56250000961919,6.562500073798187,6.562500367751634,6.56250001380603,6.562500095488119,6.562500451054667,4.1868402078648614e-09,2.168993162854349e-08,8.330303380432724e-08
44.40000000000036,65.03749999999998,58.47499998692285,51.91249989630739,45.34999946760651,1.2500000000000049,1.250000007289066,1.2500000560155906,1.2500002795534377,6.562500009111332,6.562500070019488,6.562500349441797,6.562500013077127,6.562500090615465,6.562500428700879,3.965794803661993e-09,2.059597736803198e-08,7.92590819642669e-08
44.50000000000036,65.16249999999998,58.59999998761327,52.03749990162211,45.47499949416984,1.2500000000000049,1.250000006904231,1.2500000531472675,1.250000265633364,6.5625000086302885,6.562500066434085,6.562500332041705,6.562500012386707,6.562500085991161,6.562500407452269,3.756418287537144e-09,1.9557075958687165e-08,7.541056401549895e-08
44.600000000000364,65.28749999999998,58.72499998826724,52.16249990666468,45.599999519410346,1.2500000000000049,1.2500000065397139,1.2500000504256783,1.2500002524050045,6.562500008174642,6.562500063032098,6.562500315506256,6.5625000117327374,6.562500081602565,6.562500387254332,3.558095151845464e-09,1.8570466941980612e-08,7.174807592491561e-08
44.700000000000365,65.41249999999998,58.84999998888669,52.28749991144901,45.72499954339375,1.2500000000000049,1.2500000061944418,1.2500000478433244,1.2500002398340622,6.562500007743052,6.562500059804155,6.562500299792577,6.562500011113293,6.562500077437676,6.562500368055261,3.370240975186789e-09,1.7633520421611593e-08,6.826268350579312e-08
44.80000000000037,65.53749999999998,58.974999989473424,52.41249991598832,45.84999956618255,1.2500000000000049,1.250000005867399,1.2500000453930897,1.2500002278879374,6.562500007334249,6.562500056741362,6.562500284859922,6.562500010526556,6.562500073485104,6.562500349805774,3.1923068632977447e-09,1.6743742392577587e-08,6.494585136351816e-08
44.90000000000037,65.66249999999998,59.09999999002919,52.53749992029514,45.97499958783611,1.2500000000000049,1.2500000055576228,1.2500000430682217,1.250000216535642,6.562500006947029,6.562500053835278,6.5625002706695525,6.56250000997079,6.56250006973405,6.562500332459031,3.0237616854833504e-09,1.5898772076639034e-08,6.178947842272464e-08
45.00000000000037,65.78749999999998,59.22499999055561,52.66249992438137,46.09999960841088,1.2500000000000049,1.2500000052642015,1.2500000408623124,1.2500002057477224,6.562500006580252,6.56250005107789,6.562500257184653,6.562500009444371,6.562500066174238,6.562500315970489,2.8641187199696105e-09,1.5096347283360956e-08,5.878583575480434e-08
45.10000000000037,65.91249999999998,59.34999999105424,52.7874999282583,46.2249996279605,1.2500000000000049,1.2500000049862716,1.250000038769281,1.2500001954961815,6.56250000623284,6.562500048461601,6.562500244370227,6.56250000894574,6.562500062795941,6.562500300297799,2.7129001267667263e-09,1.4334339937249752e-08,5.592757190697739e-08
45.20000000000037,66.03749999999998,59.474999991526545,52.91249993193664,46.34999964653594,1.2500000000000049,1.2500000047230153,1.2500000367833572,1.250000185754408,6.562500005903769,6.5625000459791965,6.56250023219301,6.562500008473435,6.562500059589908,6.562500285400695,2.5696662575569462e-09,1.361071166883221e-08,5.3207685368761304e-08
45.300000000000374,66.16249999999998,59.59999999197391,53.037499935426546,46.47499966418565,1.2500000000000049,1.2500000044736579,1.2500000348990654,1.2500001764971083,6.562500005592073,6.562500043623832,6.562500220621385,6.5625000080260705,6.562500056547364,6.562500271240893,2.4339978921261718e-09,1.2923532466402321e-08,5.061950769658097e-08
45.400000000000375,66.28749999999998,59.724999992397656,53.16249993873767,46.599999680955676,1.2500000000000049,1.2500000042374655,1.2500000331112093,1.2500001677002401,6.562500005296831,6.562500041389011,6.5625002096253,6.562500007602324,6.5625000536599885,6.562500257781991,2.305492685650279e-09,1.2270977123307603e-08,4.8156691079270786e-08
45.50000000000038,66.41249999999998,59.84999999279903,53.287499941879155,46.724999696889775,1.2500000000000049,1.2500000040137433,1.2500000314148587,1.2500001593409522,6.56250000501718,6.562500039268573,6.56250019917619,6.562500007200953,6.562500050919873,6.56250024498938,2.183773162300895e-09,1.1651299480774924e-08,4.581318968632786e-08
45.60000000000038,66.53749999999998,59.97499999317921,53.41249994485969,46.84999971202953,1.2500000000000049,1.2500000038018328,1.2500000298053344,1.2500001513975243,6.562500004752291,6.562500037256668,6.562500189246905,6.56250000682077,6.562500048319521,6.5625002328301605,2.0684787216396217e-09,1.106285285601416e-08,4.358325522701989e-08
45.70000000000038,66.66249999999998,60.09999999353932,53.53749994768751,46.97499972641446,1.2500000000000049,1.2500000036011105,1.250000028278197,1.2500001438493118,6.562500004501388,6.562500035347746,6.562500179811639,6.56250000646066,6.562500045851813,6.562500221273048,1.959271855866973e-09,1.0504066949579283e-08,4.146140852867575e-08
45.80000000000038,66.78749999999998,60.22499999388042,53.66249995037043,47.099999740082126,1.2500000000000049,1.2500000034109857,1.2500000268292333,1.250000136676693,6.5625000042637325,6.5625000335365415,6.562500170845866,6.5625000061195635,6.562500043509985,6.562500210288306,1.8558310443950177e-09,9.973443404476257e-09,3.944243953668547e-08
45.90000000000038,66.91249999999998,60.34999999420351,53.78749995291587,47.224999753068225,1.2500000000000049,1.2500000032308989,1.2500000254544457,1.2500001298610182,6.562500004038624,6.5625000318180575,6.562500162326272,6.562500005796473,6.562500041287635,6.562500199847648,1.7578489774905393e-09,9.469577122445116e-09,3.7521375340077157e-08
46.000000000000384,67.03749999999998,60.47499999450954,53.91249995533088,47.34999976540668,1.2500000000000049,1.2500000030603198,1.2500000241500409,1.2500001233845612,6.5625000038253996,6.562500030187551,6.562500154230701,6.562500005490442,6.5625000391786585,6.562500189924201,1.6650423262376535e-09,8.991107414146882e-09,3.56934997114422e-08
46.100000000000385,67.16249999999998,60.59999999479941,54.037499957622124,47.474999777129725,1.2500000000000049,1.2500000028987468,1.2500000229124186,1.2500001172304747,6.562500003623434,6.562500028640523,6.562500146538094,6.562500005200569,6.562500037177287,6.5625001804924,1.5771348671478336e-09,8.536764184441381e-09,3.395430603347904e-08
46.20000000000039,67.28749999999998,60.72499999507398,54.16249995979594,47.599999788268,1.2500000000000049,1.250000002745704,1.250000021738163,1.2500001113827455,6.56250000343213,6.562500027172704,6.5625001392284315,6.562500004926001,6.562500035278042,6.562500171527937,1.493870804836206e-09,8.105337734320983e-09,3.229950529259895e-08
46.30000000000039,67.41249999999998,60.84999999533405,54.28749996185834,47.72499979885062,1.2500000000000049,1.2500000026007416,1.2500000206240331,1.250000105826154,6.562500003250927,6.562500025780041,6.562500132282692,6.562500004665928,6.562500033475715,6.562500163007719,1.4150014493452545e-09,7.695673431840078e-09,3.072502696710444e-08
46.40000000000039,67.53749999999998,60.9749999955804,54.41249996381503,47.84999980890524,1.2500000000000049,1.2500000024634328,1.2500000195669534,1.2500001005462358,6.5625000030792915,6.562500024458692,6.562500125682795,6.562500004419583,6.562500031765367,6.562500154909792,1.3402914333937588e-09,7.306675264828755e-09,2.922699682272878e-08
46.50000000000039,67.66249999999998,61.09999999581373,54.53749996567143,47.974999818458166,1.2500000000000049,1.250000002333373,1.2500000185640054,1.250000095529243,6.562500002916716,6.562500023205007,6.5625001194115535,6.562500004186248,6.562500030142303,6.562500147213264,1.2695320350530892e-09,6.937296070930188e-09,2.7801710267283397e-08
46.60000000000039,67.78749999999998,61.224999996034754,54.66249996743267,48.099999827534376,1.2500000000000049,1.2500000022101803,1.2500000176124197,1.2500000907621094,6.562500002762725,6.5625000220155245,6.562500113452637,6.562500003965226,6.562500028602081,6.562500139898297,1.2025012097183208e-09,6.586556189347448e-09,2.644566077236732e-08
46.700000000000394,67.91249999999998,61.3499999962441,54.78749996910363,48.224999836157615,1.2500000000000049,1.2500000020934914,1.2500000167095684,1.2500000862324172,6.562500002616864,6.562500020886961,6.562500107790521,6.562500003755879,6.562500027140473,6.562500132946013,1.1390151044565755e-09,6.253512374598813e-09,2.5155491911732497e-08
46.800000000000395,68.03749999999998,61.4749999964424,54.91249997068893,48.34999984435045,1.2500000000000049,1.2500000019829631,1.2500000158529578,1.2500000819283639,6.5625000024787035,6.562500019816198,6.562500102410455,6.562500003557581,6.562500025753472,6.5625001263384775,1.0788774318370997e-09,5.937274671907744e-09,2.3928022230279566e-08
46.9000000000004,68.16249999999998,61.599999996630224,55.03749997219295,48.474999852134324,1.2500000000000049,1.2500000018782704,1.250000015040222,1.2500000778387326,6.5625000023478375,6.562500018800277,6.5625000972984155,6.562500003369756,6.562500024437277,6.562500120058623,1.0219185497817307e-09,5.637000199953945e-09,2.2760207052385795e-08
47.0000000000004,68.28749999999998,61.72499999680814,55.16249997361986,48.59999985952961,1.2500000000000049,1.250000001779105,1.2500000142691159,1.250000073952862,6.5625000022238815,6.562500017836395,6.562500092441077,6.562500003191843,6.562500023188278,6.562500114090248,9.67961710784948e-10,5.351883380910749e-09,2.1649171344506613e-08
47.1000000000004,68.41249999999998,61.849999996976656,55.28749997497361,48.72499986655567,1.2500000000000049,1.250000001685175,1.2500000135375091,1.2500000702606209,6.562500002106469,6.562500016921886,6.562500087825776,6.562500003023324,6.562500022003043,6.562500108417943,9.168550363369832e-10,5.081156828623534e-09,2.0592167082611468e-08
47.2000000000004,68.53749999999998,61.97499999713628,55.412499976257955,48.84999987323091,1.2500000000000049,1.2500000015962043,1.2500000128433801,1.2500000667523803,6.5625000019952555,6.562500016054225,6.562500083440476,6.5625000028637,6.562500020878325,6.562500103027048,8.684448715712278e-10,4.824100230393924e-09,1.9586572364005406e-08
47.3000000000004,68.66249999999998,62.099999997287476,55.537499977476436,48.974999879572806,1.2500000000000049,1.2500000015119306,1.2500000121848112,1.250000063418989,6.562500001889913,6.562500015231014,6.562500079273736,6.562500002712504,6.56250001981104,6.56250009790363,8.225908842973695e-10,4.5800261361250705e-09,1.8629894071864328e-08
47.400000000000404,68.78749999999998,62.224999997430686,55.66249997863243,49.09999988559798,1.2500000000000049,1.250000001432106,1.250000011559982,1.2500000602517494,6.5625000017901325,6.562500014449977,6.562500075314687,6.562500002569294,6.562500018798254,6.562500093034451,7.791616241092925e-10,4.348276405607976e-09,1.7719764322521314e-08
47.500000000000405,68.91249999999998,62.349999997566336,55.78749997972915,49.22499989132222,1.2500000000000049,1.250000001356496,1.2500000109671658,1.2500000572423962,6.56250000169562,6.5625000137089575,6.562500071552995,6.562500002433644,6.562500017837188,6.562500088406928,7.380247524224615e-10,4.12823020212727e-09,1.6853933360039264e-08
47.600000000000406,69.03749999999998,62.47499999769482,55.91249998076962,49.34999989676053,1.2500000000000049,1.250000001284878,1.2500000104047237,1.2500000543830745,6.5625000016060975,6.562500013005905,6.562500067978843,6.562500002305157,6.562500016925206,6.562500084009088,6.990594769717973e-10,3.91930132792595e-09,1.6030244687215145e-08
47.70000000000041,69.16249999999998,62.599999997816525,56.037499981756724,49.47499990192716,1.2500000000000049,1.2500000012170411,1.250000009871101,1.2500000516663186,6.562500001521301,6.562500012338877,6.562500064582898,6.562500002183455,6.562500016059801,6.562500079829562,6.621538872764177e-10,3.7209240133506682e-09,1.5246663487289425e-08
47.80000000000041,69.28749999999998,62.7249999979318,56.162499982693205,49.59999990683566,1.2500000000000049,1.2500000011527859,1.2500000093648225,1.2500000490850343,6.5625000014409824,6.562500011706028,6.5625000613562925,6.562500002068177,6.562500015238598,6.5625000758575425,6.27194296498601e-10,3.532569792241702e-09,1.4501249978593478e-08
47.90000000000041,69.41249999999998,62.84999999804099,56.287499983581654,49.72499991149891,1.2500000000000049,1.250000001091923,1.250000008884488,1.2500000466324799,6.562500001364904,6.56250001110561,6.5625000582906,6.562500001958988,6.562500014459339,6.5625000720827416,5.940838931906001e-10,3.353728850186144e-09,1.3792141650981193e-08
48.00000000000041,69.53749999999998,62.97499999814442,56.41249998442453,49.84999991592914,1.2500000000000049,1.2500000010342738,1.2500000084287692,1.2500000443022476,6.562500001292842,6.562500010535961,6.562500055377809,6.562500001855561,6.562500013719891,6.562500068495389,5.627187604773098e-10,3.183929564443133e-09,1.3117579911181565e-08
48.10000000000041,69.66249999999998,63.09999999824239,56.537499985224166,49.97499992013796,1.2500000000000049,1.2500000009796681,1.250000007996406,1.2500000420882484,6.562500001224585,6.5625000099955075,6.562500052610311,6.562500001757591,6.562500013018223,6.562500065086205,5.330065278030816e-10,3.0227154113049437e-09,1.2475894095587137e-08
48.200000000000415,69.78749999999998,63.224999998335186,56.662499985982784,50.09999992413643,1.2500000000000049,1.2500000009279455,1.2500000075862028,1.2500000399846958,6.562500001159932,6.562500009482753,6.562500049980869,6.5625000016647945,6.562500012352402,6.56250006184635,5.048628182180437e-10,2.8696485188106635e-09,1.186548104215035e-08
48.300000000000416,69.91249999999998,63.34999999842308,56.787499986702485,50.224999927935045,1.2500000000000049,1.2500000008789534,1.2500000071970245,1.2500000379860905,6.562500001098692,6.562500008996281,6.562500047482613,6.5625000015769,6.562500011720594,6.562500058767441,4.782085838428429e-10,2.724313219459873e-09,1.1284827294844035e-08
48.40000000000042,70.03749999999998,63.474999998506334,56.91249998738527,50.34999993154376,1.2500000000000049,1.2500000008325478,1.2500000068277946,1.2500000360872066,6.562500001040685,6.562500008534743,6.562500045109008,6.562500001493646,6.562500011121067,6.562500055841504,4.5296122408444717e-10,2.586324043818422e-09,1.0732495780985118e-08
48.50000000000042,70.16249999999998,63.59999999858519,57.03749998803302,50.47499993497207,1.2500000000000049,1.2500000007885925,1.250000006477491,1.2500000342830784,6.56250000098574,6.562500008096864,6.5625000428538485,6.56250000141479,6.562500010552171,6.562500053060951,4.290496846692804e-10,2.455307068771617e-09,1.0207102718595706e-08
48.60000000000042,70.28749999999998,63.72499999865988,57.16249998864753,50.59999993822897,1.2500000000000049,1.250000000746958,1.2500000061451444,1.2500000325689866,6.562500000933698,6.562500007681431,6.5625000407112335,6.562500001340098,6.56250001001235,6.5625000504185635,4.064002467885075e-10,2.330919457449454e-09,9.707330050900964e-09
48.70000000000042,70.41249999999998,63.84999999873063,57.28749998923052,50.72499994132301,1.2500000000000049,1.2500000007075218,1.2500000058298355,1.2500000309404458,6.562500000884402,6.562500007287294,6.562500038675557,6.562500001269349,6.562500009500113,6.5625000479075055,3.849471852390707e-10,2.2128183729819284e-09,9.231948538968027e-09
48.80000000000042,70.53749999999998,63.97499999879765,57.41249998978359,50.84999994426233,1.2500000000000049,1.250000000670168,1.2500000055306912,1.2500000293931943,6.56250000083771,6.562500006913364,6.562500036741493,6.562500001202331,6.562500009014059,6.562500045521261,3.646203339258136e-10,2.1006947292789846e-09,8.779768023714496e-09
48.900000000000425,70.66249999999998,64.09999999886112,57.53749999030828,50.97499994705465,1.2500000000000049,1.250000000634786,1.250000005246884,1.2500000279231824,6.562500000793483,6.562500006558605,6.562500034903978,6.562500001138858,6.5625000085528455,6.562500043253628,3.453752839277513e-10,1.9942403284289867e-09,8.349649860406316e-09
49.000000000000426,70.78749999999998,64.22499999892125,57.66249999080604,51.0999999497073,1.2500000000000049,1.2500000006012724,1.2500000049776283,1.250000026526561,6.562500000751591,6.562500006222035,6.5625000331582015,6.562500001078732,6.562500008115208,6.562500041098737,3.2714098097130773e-10,1.89317272969447e-09,7.940535340367205e-09
49.10000000000043,70.91249999999998,64.3499999989782,57.78749999127826,51.22499995222727,1.2500000000000049,1.250000000569528,1.2500000047221784,1.250000025199673,6.5625000007119105,6.562500005902723,6.562500031499591,6.562500001021775,6.562500007699946,6.562500039050988,3.098641343513009e-10,1.7972228150142655e-09,7.55139684116557e-09
49.20000000000043,71.03749999999998,64.47499999903215,57.91249999172624,51.349999954621175,1.2500000000000049,1.2500000005394594,1.2500000044798276,1.2500000239390432,6.562500000674325,6.562500005599785,6.562500029923804,6.56250000096783,6.562500007305907,6.5625000371050675,2.93505664217264e-10,1.7061223545056237e-09,7.181263583788677e-09
49.30000000000043,71.16249999999998,64.59999999908325,58.03749999215123,51.47499995689531,1.2500000000000049,1.2500000005109784,1.2500000042499042,1.2500000227413692,6.562500000638723,6.56250000531238,6.562500028426712,6.562500000916728,6.562500006932019,6.562500035255923,2.780051744366574e-10,1.6196395336010028e-09,6.8292109745016205e-09
49.40000000000043,71.28749999999998,64.72499999913165,58.16249999255441,51.59999995905566,1.2500000000000049,1.2500000004840008,1.250000004031772,1.2500000216035125,6.5625000006050005,6.562500005039715,6.562500027004391,6.562500000868326,6.562500006577245,6.56250003349875,2.6332536151585373e-10,1.5375301032349853e-09,6.494359716668896e-09
49.50000000000043,71.41249999999998,64.8499999991775,58.287499992936894,51.724999961107905,1.2500000000000049,1.2500000004584475,1.250000003824827,1.2500000205224913,6.56250000057306,6.562500004781033,6.562500025653114,6.562500000822482,6.5625000062406045,6.562500031828989,2.4942181653386797e-10,1.4595711306242265e-09,6.175874922575986e-09
49.600000000000435,71.53749999999998,64.97499999922093,58.41249999329975,51.84999996305745,1.2500000000000049,1.250000000434243,1.250000003628495,1.250000019495472,6.562500000542804,6.562500004535619,6.56250002436934,6.562500000779053,6.56250000592118,6.5625000302422976,2.362492423912954e-10,1.3855609992674545e-09,5.8729572316451595e-09
49.700000000000436,71.66249999999998,65.09999999926205,58.53749999364397,51.97499996490942,1.2500000000000049,1.2500000004113165,1.250000003442233,1.2500000185197617,6.562500000514145,6.562500004302791,6.562500023149703,6.562500000737927,6.562500005618084,6.562500028734547,2.2378188191396475e-10,1.315292763592879e-09,5.584844586792315e-09
49.80000000000044,71.78749999999998,65.22499999930102,58.66249999397052,52.099999966668705,1.2500000000000049,1.2500000003896008,1.2500000032655243,1.2500000175928017,6.562500000487001,6.5625000040819055,6.562500021991002,6.562500000698961,6.562500005330499,6.562500027301816,2.1196022714775609e-10,1.2485932288086588e-09,5.310814010783815e-09
49.90000000000044,71.91249999999998,65.34999999933792,58.78749999428031,52.22499996833992,1.2500000000000049,1.250000000369031,1.2500000030978802,1.25000001671216,6.562500000461289,6.56250000387235,6.5625000208902,6.562500000662055,6.562500005057615,6.562500025940388,2.007665145242754e-10,1.1852643311272004e-09,5.05018782348543e-09
50.00000000000044,72.03749999999998,65.47499999937288,58.91249999457419,52.349999969927474,1.2500000000000049,1.2500000003495473,1.2500000029388354,1.2500000158755271,6.562500000436934,6.562500003673544,6.562500019844409,6.562500000627097,6.562500004798693,6.562500024646717,1.901625523714756e-10,1.1251488629682171e-09,4.802307884688162e-09
50.10000000000044,72.16249999999998,65.599999999406,59.037499994852986,52.474999971435544,1.2500000000000049,1.250000000331092,1.2500000027879499,1.2500000150807071,6.5625000004138645,6.562500003484937,6.5625000188508835,6.562500000593985,6.562500004553009,6.562500023417442,1.80120807158346e-10,1.068071853183028e-09,4.5665586867471575e-09
50.20000000000044,72.28749999999998,65.72499999943736,59.162499995117464,52.599999972868105,1.2500000000000049,1.2500000003136111,1.2500000026448048,1.2500000143256145,6.5625000003920135,6.562500003306006,6.562500017907018,6.562500000562622,6.562500004319894,6.56250002224936,1.7060841628335766e-10,1.0138876405108022e-09,4.34234159740754e-09
50.300000000000445,72.41249999999998,65.84999999946706,59.287499995368364,52.72499997422893,1.2500000000000049,1.250000000297053,1.2500000025090037,1.2500000136082667,6.562500000371316,6.562500003136255,6.562500017010334,6.562500000532921,6.562500004098695,6.562500021139435,1.6160495164285749e-10,9.624399055496724e-10,4.129101505156996e-09
50.400000000000446,72.53749999999998,65.9749999994952,59.41249999560638,52.849999975521605,1.2500000000000049,1.2500000002813694,1.2500000023801696,1.2500000129267808,6.5625000003517115,6.562500002975212,6.5625000161584754,6.562500000504784,6.562500003888815,6.5625000200847765,1.5307222156479838e-10,9.136025269640413e-10,3.926301062051607e-09
50.50000000000045,72.66249999999998,66.09999999952184,59.53749999583218,52.974999976749544,1.2500000000000049,1.250000000266514,1.2500000022579458,1.2500000122793669,6.562500000333142,6.562500002822432,6.562500015349208,6.562500000478138,6.562500003689664,6.562500019082634,1.4499601519446514e-10,8.672316198499175e-10,3.733426012786367e-09
50.60000000000045,72.78749999999998,66.22499999954708,59.66249999604638,53.09999997791598,1.2500000000000049,1.250000000252443,1.2500000021419928,1.2500000116643244,6.562500000315554,6.562500002677491,6.562500014580405,6.5625000004529,6.562500003500702,6.5625000181304,1.3734613446558797e-10,8.232108328343202e-10,3.549994964657799e-09
50.70000000000045,72.91249999999998,66.349999999571,59.78749999624958,53.224999979023984,1.2500000000000049,1.2500000002391152,1.2500000020319895,1.2500000110800376,6.562500000298894,6.562500002539987,6.562500013850046,6.562500000428983,6.562500003321418,6.562500017225595,1.3008882859821824e-10,7.814309199716263e-10,3.375548729422917e-09
50.80000000000045,73.03749999999998,66.47499999959365,59.91249999644234,53.34999998007648,1.2500000000000049,1.2500000002264908,1.2500000019276312,1.2500000105249711,6.562500000283114,6.562500002409539,6.562500013156214,6.562500000406331,6.562500003151307,6.56250001636586,1.2321699216499837e-10,7.417675362830778e-10,3.2096458824071306e-09
50.90000000000045,73.16249999999998,66.59999999961511,60.03749999662521,53.47499998107625,1.2500000000000049,1.2500000002145328,1.2500000018286284,1.2500000099976663,6.562500000268166,6.562500002285786,6.5625000124970825,6.562500000384873,6.5625000029899,6.562500015548956,1.1670664434859646e-10,7.041141003583107e-10,3.051873420645279e-09
51.000000000000455,73.28749999999998,66.72499999963543,60.16249999679868,53.59999998202593,1.2500000000000049,1.250000000203206,1.2500000017347064,1.250000009496737,6.5625000002540075,6.562500002168383,6.562500011870921,6.562500000364551,6.5625000028367495,6.562500014772752,1.1054357429429729e-10,6.6836669532222e-10,2.901830775670078e-09
51.100000000000456,73.41249999999998,66.84999999965467,60.28749999696324,53.72499998292801,1.2500000000000049,1.250000000192477,1.2500000016456048,1.250000009020866,6.562500000240596,6.562500002057006,6.562500011276082,6.56250000034531,6.562500002691429,6.56250001403523,1.0471357114738566e-10,6.344231806565404e-10,2.759147577080512e-09
51.20000000000046,73.53749999999998,66.9749999996729,60.41249999711935,53.84999998378489,1.2500000000000049,1.2500000001823148,1.2500000015610757,1.2500000085688026,6.562500000227893,6.562500001951345,6.562500010711004,6.562500000327077,6.562500002553556,6.562500013334457,9.918377230633268e-11,6.022107257308562e-10,2.623453454475566e-09
51.30000000000046,73.66249999999998,67.09999999969017,60.53749999726744,53.974999984598824,1.2500000000000049,1.2500000001726892,1.2500000014808854,1.2500000081393572,6.562500000215861,6.562500001851107,6.562500010174197,6.562500000309811,6.5625000024227305,6.562500012668615,9.394973687903985e-11,5.716236373132233e-10,2.4944180054831122e-09
51.40000000000046,73.78749999999998,67.22499999970653,60.66249999740792,54.099999985371966,1.2500000000000049,1.250000000163572,1.250000001404811,1.2500000077314004,6.562500000204465,6.562500001756014,6.562500009664251,6.562500000293454,6.562500002298606,6.5625000120359545,8.898926040501465e-11,5.425917493084853e-10,2.371703722303664e-09
51.50000000000046,73.91249999999998,67.34999999972202,60.78749999754118,54.224999986106354,1.2500000000000049,1.250000000154936,1.2500000013326413,1.2500000073438584,6.56250000019367,6.562500001665802,6.562500009179823,6.562500000277964,6.562500002180833,6.562500011434828,8.429434927847979e-11,5.150315729451904e-10,2.255005071560845e-09
51.60000000000046,74.03749999999998,67.4749999997367,60.9124999976676,54.34999998680392,1.2500000000000049,1.2500000001467564,1.2500000012641765,1.2500000069757113,6.562500000183445,6.56250000158022,6.562500008719639,6.5625000002632845,6.562500002069093,6.56250001086368,7.983924632526396e-11,4.888729421281823e-10,2.14404050069561e-09
51.700000000000465,74.16249999999998,67.5999999997506,61.03749999778753,54.474999987466525,1.2500000000000049,1.2500000001390081,1.2500000011992265,1.2500000066259906,6.56250000017376,6.562500001499033,6.5625000082824885,6.562500000249386,6.562500001963066,6.562500010321003,7.562661608062626e-11,4.6403325626442893e-10,2.0385142462941985e-09
51.800000000000466,74.28749999999998,67.72499999976377,61.162499997901286,54.5999999880959,1.2500000000000049,1.2500000001316691,1.2500000011376107,1.2500000062937753,6.562500000164587,6.562500001422014,6.562500007867219,6.562500000236213,6.562500001862482,6.562500009805383,7.16262604782969e-11,4.404681064329452e-10,1.9381642957227996e-09
51.90000000000047,74.41249999999998,67.84999999977624,61.2874999980092,54.724999988693725,1.2500000000000049,1.2500000001247173,1.2500000010791588,1.2500000059781904,6.562500000155897,6.5625000013489485,6.562500007472738,6.562500000223736,6.562500001767042,6.562500009315478,6.783906769669557e-11,4.1809311568385965e-10,1.8427401826670575e-09
52.00000000000047,74.53749999999998,67.97499999978805,61.41249999811157,54.84999998926156,1.2500000000000049,1.2500000001181324,1.250000001023708,1.2500000056784049,6.562500000147665,6.562500001279635,6.562500007098006,6.5625000002119265,6.562500001676483,6.562500008850009,6.426148502214346e-11,3.9684788788463266e-10,1.752002987132073e-09
52.10000000000047,74.66249999999998,68.09999999979924,61.53749999820868,54.97499998980093,1.2500000000000049,1.2500000001118952,1.2500000009711043,1.2500000053936293,6.562500000139869,6.5625000012138806,6.562500006742036,6.5625000002007425,6.562500001590557,6.562500008407753,6.087397252940718e-11,3.766764677948231e-10,1.6657164536582059e-09
52.20000000000047,74.78749999999998,68.22499999980984,61.6624999983008,55.099999990313236,1.2500000000000049,1.2500000001059877,1.2500000009212013,1.250000005123113,6.562500000132484,6.562500001151502,6.562500006403891,6.562500000190141,6.5625000015090365,6.562500007987566,5.765699029325333e-11,3.57534446493446e-10,1.5836754130305053e-09
52.30000000000047,74.91249999999998,68.34999999981987,61.787499998388185,55.22499999079985,1.2500000000000049,1.250000000100392,1.250000000873861,1.250000004866144,6.56250000012549,6.562500001092326,6.56250000608268,6.562500000180108,6.562500001431687,6.5625000075883335,5.46185319194592e-11,3.3936053966954205e-10,1.5056533797519478e-09
52.400000000000475,75.03749999999998,68.47499999982938,61.91249999847108,55.34999999126205,1.2500000000000049,1.250000000095092,1.2500000008289516,1.2500000046220439,6.562500000118865,6.56250000103619,6.562500005777554,6.562500000170601,6.562500001358302,6.5625000072090245,5.1736392947532295e-11,3.221121147589656e-10,1.4314700536033342e-09
52.500000000000476,75.16249999999998,68.59999999983839,62.03749999854971,55.47499999170107,1.2500000000000049,1.2500000000900717,1.2500000007863483,1.25000000439017,6.56250000011259,6.5625000009829355,6.5625000054877125,6.562500000161592,6.562500001288676,6.562500006848644,4.900169159327561e-11,3.057403219486332e-10,1.36093181168917e-09
52.60000000000048,75.28749999999998,68.72499999984691,62.162499998624305,55.59999999211806,1.2500000000000049,1.2500000000853164,1.2500000007459333,1.2500000041699109,6.562500000106645,6.562500000932417,6.562500005212389,6.562500000153065,6.56250000122261,6.562500006506248,4.6419756927207345e-11,2.901927587117825e-10,1.2938592419686756e-09
52.70000000000048,75.41249999999998,68.849999999855,62.28749999869506,55.72499999251413,1.2500000000000049,1.2500000000808125,1.2500000007075935,1.2500000039606856,6.562500000101016,6.5625000008844925,6.5625000049508575,6.562500000144979,6.56250000115994,6.562500006180933,4.39630554183168e-11,2.7544722058792104e-10,1.2300755969363308e-09
52.80000000000048,75.53749999999998,68.97499999986266,62.412499998762186,55.849999992890325,1.2500000000000049,1.250000000076546,1.2500000006712235,1.2500000037619419,6.562500000095683,6.562500000839029,6.562500004702427,6.5625000001373195,6.562500001100474,6.562500005871861,4.163691613712217e-11,2.6144508780134856e-10,1.169434327152885e-09
52.90000000000048,75.66249999999998,69.09999999986991,62.53749999882586,55.97499999324764,1.2500000000000049,1.2500000000725047,1.2500000006367216,1.2500000035731562,6.562500000090631,6.562500000795902,6.562500004466445,6.562500000130072,6.56250000104405,6.562500005578215,3.944133908362346e-11,2.48148168680018e-10,1.1117702314322742e-09
53.00000000000048,75.78749999999998,69.22499999987677,62.662499998886254,56.099999993587026,1.2500000000000049,1.2500000000686768,1.2500000006039915,1.2500000033938299,6.562500000085846,6.562500000754989,6.562500004242287,6.562500000123208,6.562500000990518,6.562500005299228,3.736211340310547e-11,2.355289296929186e-10,1.0569403130489263e-09
53.100000000000485,75.91249999999998,69.34999999988328,62.787499998943545,56.22499999390938,1.2500000000000049,1.2500000000650513,1.2500000005729428,1.25000000322349,6.5625000000813145,6.562500000716178,6.562500004029363,6.5625000001166995,6.562500000939735,6.562500005034167,3.538502824085299e-11,2.2355717277378062e-10,1.004804239812529e-09
53.200000000000486,76.03749999999998,69.47499999988945,62.912499998997895,56.349999994215544,1.2500000000000049,1.250000000061617,1.2500000005434893,1.2500000030616865,6.562500000077021,6.5625000006793615,6.5625000038271075,6.562500000110532,6.5625000008915535,6.5625000047823505,3.3510971775285725e-11,2.1219204171529782e-10,9.552429958148423e-10
53.30000000000049,76.16249999999998,69.59999999989529,63.03749999904945,56.47499999450634,1.2500000000000049,1.2500000000583635,1.2500000005155492,1.2500000029079927,6.562500000072955,6.5625000006444365,6.562500003634991,6.562500000104691,6.562500000845837,6.562500004543111,3.1736391292724875e-11,2.014006739159413e-10,9.081198015792324e-10
53.40000000000049,76.28749999999998,69.72499999990082,63.16249999909836,56.59999999478254,1.2500000000000049,1.2500000000552816,1.2500000004890444,1.2500000027620033,6.562500000069102,6.562500000611306,6.562500003452504,6.562500000099163,6.5625000008024585,6.562500004315815,3.006128679317044e-11,1.9115287130944125e-10,8.633112003053611e-10
53.50000000000049,76.41249999999998,69.84999999990605,63.28749999914475,56.724999995044875,1.2500000000000049,1.2500000000523626,1.250000000463901,1.2500000026233322,6.562500000065453,6.562500000579876,6.562500003279165,6.562500000093934,6.562500000761297,6.562500004099874,2.8480329206104216e-11,1.8142110036478698e-10,8.207088342260249e-10
53.60000000000049,76.53749999999998,69.974999999911,63.41249999918875,56.849999995294034,1.2500000000000049,1.2500000000495979,1.2500000004400489,1.2500000024916131,6.5625000000619975,6.562500000550061,6.562500003114517,6.562500000088974,6.5625000007222525,6.562500003894719,2.6976643141551904e-11,1.7219115022726328e-10,7.80202569217181e-10
53.70000000000049,76.66249999999998,70.09999999991571,63.5374999992305,56.97499999553068,1.2500000000000049,1.2500000000469793,1.2500000004174223,1.250000002366498,6.562500000058725,6.562500000521778,6.562500002958123,6.56250000008427,6.562500000685212,6.562500003699817,2.5545787707415002e-11,1.6343371100902004e-10,7.416947056526624e-10
53.800000000000495,76.78749999999998,70.22499999992016,63.662499999270096,57.09999999575545,1.2500000000000049,1.2500000000444986,1.2500000003959586,1.2500000022476567,6.562500000055623,6.562500000494948,6.562500002809571,6.562500000079822,6.562500000650061,6.56250000351465,2.4199309223149612e-11,1.5511325557326927e-10,7.05078662122105e-10
53.900000000000496,76.91249999999998,70.34999999992438,63.787499999307656,57.22499999596892,1.2500000000000049,1.2500000000421492,1.2500000003755976,1.2500000021347748,6.562500000052687,6.562500000469496,6.562500002668468,6.562500000075602,6.562500000616723,6.562500003338734,2.291500322826323e-11,1.4722623120633216e-10,6.702656207835389e-10
54.0000000000005,77.03749999999998,70.47499999992837,63.91249999934328,57.349999996171675,1.2500000000000049,1.2500000000399234,1.250000000356283,1.250000002027554,6.562500000049904,6.562500000445354,6.562500002534442,6.5625000000716085,6.562500000585089,6.562500003171607,2.170441604221196e-11,1.397353344145813e-10,6.371649874381546e-10
54.1000000000005,77.16249999999998,70.59999999993215,64.03749999937708,57.47499999636425,1.2500000000000049,1.250000000037815,1.250000000337961,1.2500000019257105,6.562500000047269,6.562500000422451,6.562500002407138,6.562500000067828,6.562500000555076,6.562500003012829,2.05595540592185e-11,1.326245779864621e-10,6.05691496957661e-10
54.2000000000005,77.28749999999998,70.72499999993573,64.16249999940914,57.59999999654715,1.2500000000000049,1.2500000000358182,1.2500000003205805,1.2500000018289752,6.562500000044773,6.562500000400726,6.562500002286219,6.562500000064247,6.562500000526597,6.562500002861988,1.9474200030344946e-11,1.2587175746148205e-10,5.757687659979638e-10
54.3000000000005,77.41249999999998,70.84999999993913,64.28749999943955,57.724999996720854,1.2500000000000049,1.2500000000339269,1.250000000304093,1.250000001737092,6.562500000042409,6.562500000380116,6.562500002171365,6.562500000060851,6.562500000499583,6.562500002718693,1.84421367066534e-11,1.1946621469860474e-10,5.473275166423264e-10
54.4000000000005,77.53749999999998,70.97499999994234,64.4124999994684,57.849999996885835,1.2500000000000049,1.2500000000321352,1.250000000288453,1.2500000016498185,6.562500000040169,6.562500000360567,6.562500002062273,6.562500000057639,6.562500000473946,6.56250000258256,1.7470469515501463e-11,1.1337952798839979e-10,5.202869246545561e-10
54.500000000000504,77.66249999999998,71.09999999994538,64.53749999949575,57.974999997042524,1.2500000000000049,1.2500000000304383,1.2500000002736167,1.2500000015669237,6.562500000038048,6.562500000342021,6.562500001958655,6.562500000054598,6.562500000449631,6.562500002453227,1.6550316672692134e-11,1.0761080915244747e-10,4.94572383047398e-10
54.600000000000506,77.78749999999998,71.22499999994827,64.6624999995217,58.09999999719134,1.2500000000000049,1.2500000000288312,1.250000000259543,1.2500000014881878,6.562500000036039,6.5625000003244285,6.562500001860235,6.562500000051713,6.562500000426567,6.56250000233036,1.567457275086781e-11,1.02138741908675e-10,4.701252720451521e-10
54.70000000000051,77.91249999999998,71.349999999951,64.78749999954631,58.22499999733268,1.2500000000000049,1.2500000000273088,1.250000000246193,1.2500000014134025,6.562500000034136,6.562500000307741,6.562500001766753,6.562500000048985,6.5625000004046825,6.562500002213632,1.4848566820546694e-11,9.694112179658987e-11,4.468789782663407e-10
54.80000000000051,78.03749999999998,71.47499999995358,64.91249999956966,58.34999999746692,1.2500000000000049,1.2500000000258669,1.2500000002335294,1.2500000013423698,6.562500000032333,6.562500000291912,6.562500001677963,6.562500000046398,6.5625000003839205,6.562500002102745,1.4065193454371183e-11,9.200817885357537e-11,4.247819873626213e-10
54.90000000000051,78.16249999999998,71.59999999995603,65.03749999959182,58.47499999759441,1.2500000000000049,1.250000000024501,1.2500000002215168,1.2500000012749017,6.562500000030626,6.562500000276896,6.5625000015936275,6.562500000043954,6.56250000036421,6.562500001997407,1.332800536602008e-11,8.731415590546021e-11,4.0377923227197243e-10
55.00000000000051,78.28749999999998,71.72499999995834,65.16249999961283,58.59999999771549,1.2500000000000049,1.2500000000232079,1.2500000002101213,1.2500000012108199,6.56250000002901,6.562500000262652,6.562500001513525,6.562500000041638,6.5625000003455085,6.562500001897341,1.262812077129638e-11,8.285638841698528e-11,3.838156459323727e-10
55.10000000000051,78.41249999999998,71.84999999996054,65.28749999963277,58.72499999783049,1.2500000000000049,1.250000000021983,1.250000000199311,1.2500000011499548,6.5625000000274785,6.5625000002491385,6.562500001437444,6.562500000039435,6.562500000327773,6.5625000018022845,1.1956657886003086e-11,7.863487638815059e-11,3.6484060217389924e-10
55.200000000000514,78.53749999999998,71.97499999996263,65.41249999965167,58.849999997939705,1.2500000000000049,1.2500000000208227,1.2500000001890565,1.2500000010921453,6.562500000026028,6.562500000236321,6.562500001365182,6.562500000037346,6.562500000310962,6.5625000017119675,1.1318057602238696e-11,7.464073803475912e-11,3.467857112582351e-10
55.300000000000516,78.66249999999998,72.09999999996461,65.5374999996696,58.97499999804343,1.2500000000000049,1.2500000000197231,1.2500000001793299,1.2500000010372374,6.562500000024654,6.562500000224162,6.562500001296547,6.562500000035371,6.562500000295003,6.5625000016261765,1.0716760812101711e-11,7.084111075528199e-11,3.296296569033075e-10
55.40000000000052,78.78749999999998,72.22499999996647,65.66249999968662,59.09999999814194,1.2500000000000049,1.2500000000186815,1.2500000001701035,1.2500000009850862,6.562500000023352,6.56250000021263,6.562500001231358,6.562500000033509,6.562500000279854,6.562500001544677,1.0157208407690632e-11,6.722444823026308e-11,3.133191484039344e-10
55.50000000000052,78.91249999999998,72.34999999996825,65.78749999970275,59.224999998235496,1.2500000000000049,1.2500000000176952,1.250000000161351,1.2500000009355536,6.562500000022119,6.562500000201688,6.562500001169442,6.562500000031733,6.562500000265501,6.562500001467249,9.613643214834156e-12,6.38129549201949e-11,2.978071123038717e-10
55.60000000000052,79.03749999999998,72.47499999996992,65.91249999971805,59.34999999832435,1.2500000000000049,1.2500000000167606,1.2500000001530491,1.2500000008885077,6.56250000002095,6.562500000191312,6.562500001110635,6.562500000030056,6.562500000251873,6.562500001393701,9.105605158765684e-12,6.056133372567274e-11,2.830660150721087e-10
55.70000000000052,79.16249999999998,72.59999999997152,66.03749999973257,59.474999998408734,1.2500000000000049,1.2500000000158755,1.250000000145174,1.2500000008438243,6.562500000019845,6.562500000181467,6.56250000105478,6.562500000028464,6.562500000238941,6.562500001323841,8.619771563189715e-12,5.7474025538795104e-11,2.6906032957185744e-10
55.80000000000052,79.28749999999998,72.72499999997302,66.16249999974634,59.59999999848887,1.2500000000000049,1.2500000000150369,1.2500000001377038,1.2500000008013854,6.562500000018796,6.56250000017213,6.562500001001732,6.562500000026958,6.562500000226677,6.562500001257476,8.162359677044151e-12,5.454747764588319e-11,2.5574387052529346e-10
55.900000000000524,79.41249999999998,72.84999999997444,66.2874999997594,59.724999998564975,1.2500000000000049,1.2500000000142424,1.250000000130618,1.250000000761078,6.562500000017803,6.562500000163272,6.5625000009513474,6.562500000025537,6.562500000215039,6.5625000011944294,7.73425767874869e-12,5.17665910138021e-11,2.430819989740485e-10
56.000000000000526,79.53749999999998,72.9749999999758,66.4124999997718,59.84999999863725,1.2500000000000049,1.25000000001349,1.2500000001238962,1.2500000007227954,6.562500000016863,6.56250000015487,6.562500000903494,6.562500000024187,6.562500000203997,6.562500001134545,7.323919248847233e-12,4.912692475045333e-11,2.3105073410079058e-10
56.10000000000053,79.66249999999998,73.09999999997707,66.53749999978355,59.9749999987059,1.2500000000000049,1.2500000000127776,1.25000000011752,1.250000000686436,6.562500000015972,6.5625000001469,6.562500000858045,6.562500000022908,6.562500000193523,6.562500001077652,6.935785279438278e-12,4.6623149785318674e-11,2.1960655516295446e-10
56.20000000000053,79.78749999999998,73.22499999997828,66.66249999979469,60.09999999877109,1.2500000000000049,1.2500000000121025,1.2500000001114717,1.250000000651903,6.562500000015128,6.562500000139339,6.562500000814879,6.5625000000217,6.56250000018359,6.562500001023601,6.5716321273612266e-12,4.425082522629964e-11,2.0872192862952943e-10
56.30000000000053,79.91249999999998,73.34999999997943,66.78749999980526,60.224999998833,1.2500000000000049,1.2500000000114633,1.2500000001057348,1.2500000006191045,6.562500000014329,6.562500000132168,6.5625000007738805,6.562500000020549,6.562500000174168,6.562500000972264,6.219913473159977e-12,4.200018111077952e-11,1.9838353182421997e-10
56.40000000000053,80.03749999999998,73.47499999998051,66.9124999998153,60.349999998891796,1.2500000000000049,1.2500000000108575,1.250000000100293,1.2500000005879541,6.562500000013571,6.562500000125366,6.562500000734943,6.562500000019469,6.562500000165215,6.5625000009234995,5.8975047068088315e-12,3.984901297826582e-11,1.8855672578865779e-10
56.50000000000053,80.16249999999998,73.59999999998153,67.0374999998248,60.47499999894763,1.2500000000000049,1.2500000000102842,1.2500000000951308,1.2500000005583691,6.5625000000128555,6.562500000118914,6.562500000697962,6.562500000018446,6.5625000001567315,6.562500000877172,5.590194973592588e-12,3.781774893241163e-11,1.7921042427815337e-10
56.600000000000534,80.28749999999998,73.72499999998251,67.16249999983383,60.59999999900066,1.2500000000000049,1.2500000000097413,1.250000000090234,1.2500000005302705,6.562500000012177,6.562500000112792,6.562500000662839,6.562500000017465,6.562500000148688,6.562500000833168,5.288214310894546e-12,3.589573083218056e-11,1.7032952825957182e-10
56.700000000000536,80.41249999999998,73.84999999998344,67.28749999984238,60.724999999051015,1.2500000000000049,1.2500000000092268,1.2500000000855893,1.250000000503584,6.562500000011534,6.562500000106986,6.5625000006294805,6.562500000016541,6.562500000141057,6.562500000791367,5.007549930269306e-12,3.4070524179696804e-11,1.6188650420190243e-10
56.80000000000054,80.53749999999998,73.9749999999843,67.4124999998505,60.84999999909884,1.2500000000000049,1.2500000000087395,1.250000000081184,1.2500000004782388,6.562500000010925,6.56250000010148,6.562500000597798,6.562500000015675,6.562500000133809,6.562500000751655,4.74997818855627e-12,3.232969447708456e-11,1.538564831093936e-10
56.90000000000054,80.66249999999998,74.09999999998513,67.5374999998582,60.97499999914426,1.2500000000000049,1.2500000000082783,1.2500000000770048,1.2500000004541671,6.562500000010347,6.562500000096256,6.562500000567709,6.56250000001485,6.562500000126931,6.562500000713939,4.503064587879635e-12,3.0675018081183225e-11,1.4622969501942862e-10
57.00000000000054,80.78749999999998,74.22499999998591,67.6624999998655,61.09999999918739,1.2500000000000049,1.2500000000078415,1.2500000000730405,1.2500000004313057,6.562500000009802,6.5625000000913,6.562500000539132,6.562500000014069,6.562500000120409,6.562500000678114,4.266809128239402e-12,2.9108271348832204e-11,1.389812709362559e-10
57.10000000000054,80.91249999999998,74.34999999998665,67.78749999987244,61.22499999922835,1.2500000000000049,1.2500000000074278,1.25000000006928,1.2500000004095935,6.562500000009285,6.5625000000866,6.562500000511992,6.56250000001333,6.562500000114213,6.562500000644086,4.04476452331437e-12,2.7612578890057193e-11,1.3209344729148143e-10
57.20000000000054,81.03749999999998,74.47499999998736,67.912499999879,61.34999999926725,1.2500000000000049,1.2500000000070361,1.2500000000657123,1.250000000388973,6.562500000008795,6.5625000000821405,6.562500000486216,6.562500000012619,6.562500000108358,6.562500000611756,3.824496275228739e-12,2.6217250592708297e-11,1.255395787325142e-10
57.300000000000544,81.16249999999998,74.59999999998803,68.03749999988524,61.47499999930419,1.2500000000000049,1.250000000006665,1.250000000062329,1.2500000003693892,6.562500000008331,6.562500000077911,6.562500000461736,6.562500000011951,6.562500000102787,6.562500000581053,3.6202152386977104e-12,2.4876101178961108e-11,1.1931700072409512e-10
57.400000000000546,81.28749999999998,74.72499999998865,68.16249999989115,61.59999999933927,1.2500000000000049,1.2500000000063132,1.2500000000591196,1.2500000003507903,6.5625000000078915,6.5625000000739,6.562500000438488,6.562500000011326,6.562500000097501,6.562500000551886,3.4345859489803843e-12,2.3600676968271728e-11,1.1339729155679379e-10
57.50000000000055,81.41249999999998,74.84999999998925,68.28749999989677,61.72499999937258,1.2500000000000049,1.2500000000059803,1.2500000000560751,1.2500000003331264,6.562500000007475,6.562500000070094,6.562500000416408,6.562500000010729,6.562500000092484,6.562500000524189,3.254285729781259e-12,2.2390089782220457e-11,1.077804512306102e-10
57.60000000000055,81.53749999999998,74.97499999998982,68.41249999990208,61.84999999940421,1.2500000000000049,1.250000000005665,1.250000000053187,1.2500000003163514,6.5625000000070814,6.562500000066484,6.562500000395439,6.562500000010161,6.562500000087738,6.56250000049787,3.079314581100334e-12,2.1254109583423997e-11,1.0243095260875634e-10
57.70000000000055,81.66249999999998,75.09999999999036,68.53749999990713,61.97499999943425,1.2500000000000049,1.2500000000053662,1.2500000000504479,1.2500000003004197,6.5625000000067075,6.56250000006306,6.5625000003755245,6.562500000009621,6.562500000083233,6.562500000472873,2.9132252166164108e-12,2.0173196446648944e-11,9.734879569123223e-11
57.80000000000055,81.78749999999998,75.22499999999087,68.66249999991192,62.09999999946278,1.2500000000000049,1.2500000000050828,1.25000000004785,1.2500000002852893,6.562500000006354,6.562500000059813,6.562500000356612,6.562500000009109,6.5625000000789555,6.562500000449134,2.7551294579097885e-12,1.91429094797968e-11,9.252243415858175e-11
57.90000000000055,81.91249999999998,75.34999999999135,68.78749999991645,62.224999999489874,1.2500000000000049,1.2500000000048144,1.2500000000453857,1.2500000002709204,6.562500000006018,6.562500000056732,6.56250000033865,6.562500000008626,6.562500000074905,6.562500000426574,2.6076918402395677e-12,1.8173018645484262e-11,8.79243344797942e-11
58.000000000000554,82.03749999999998,75.47499999999181,68.91249999992075,62.3499999995156,1.2500000000000049,1.25000000000456,1.2500000000430487,1.2500000002572738,6.5625000000057,6.562500000053811,6.562500000321592,6.562500000008171,6.562500000071054,6.5625000004051515,2.4709123636057484e-12,1.724309584005823e-11,8.355982572538778e-11
58.100000000000556,82.16249999999998,75.59999999999224,69.03749999992483,62.47499999954003,1.2500000000000049,1.250000000004319,1.2500000000408318,1.2500000002443137,6.562500000005398,6.56250000005104,6.562500000305392,6.562500000007745,6.562500000067402,6.5625000003848015,2.346567384847731e-12,1.6362022847715707e-11,7.94093679701291e-11
58.20000000000056,82.28749999999998,75.72499999999265,69.16249999992871,62.59999999956323,1.2500000000000049,1.2500000000040912,1.2500000000387288,1.2500000002320055,6.562500000005114,6.562500000048411,6.562500000290007,6.562500000007333,6.562500000063935,6.562500000365482,2.218669692410913e-12,1.552358241951879e-11,7.547473757085754e-11
58.30000000000056,82.41249999999998,75.84999999999303,69.28749999993238,62.724999999585265,1.2500000000000049,1.2500000000038751,1.250000000036734,1.250000000220317,6.562500000004844,6.562500000045917,6.562500000275397,6.562500000006949,6.562500000060652,6.562500000347114,2.104982854689297e-12,1.4734879982825078e-11,7.171774285552601e-11
58.40000000000056,82.53749999999998,75.9749999999934,69.41249999993586,62.84999999960618,1.2500000000000049,1.2500000000036708,1.250000000034842,1.2500000002092164,6.562500000004588,6.562500000043553,6.562500000261521,6.56250000000658,6.56250000005754,6.562500000329678,1.9912960169676808e-12,1.3987033753437572e-11,6.815703557094821e-11
58.50000000000056,82.66249999999998,76.09999999999374,69.53749999993917,62.97499999962605,1.2500000000000049,1.2500000000034772,1.2500000000330476,1.2500000001986744,6.562500000004347,6.562500000041309,6.562500000248344,6.562500000006239,6.56250000005457,6.562500000313122,1.8918200339612667e-12,1.326050380612287e-11,6.477840486240893e-11
58.60000000000056,82.78749999999998,76.22499999999407,69.66249999994231,63.099999999644915,1.2500000000000049,1.250000000003294,1.250000000031345,1.250000000188663,6.562500000004118,6.562500000039181,6.562500000235829,6.562500000005912,6.562500000051756,6.562500000297398,1.794120407794253e-12,1.2574830066114373e-11,6.156852805361268e-11
58.700000000000564,82.91249999999998,76.34999999999438,69.78749999994528,63.22499999966283,1.2500000000000049,1.2500000000031206,1.2500000000297296,1.250000000179156,6.562500000003901,6.562500000037161,6.562500000223945,6.562500000005599,6.5625000000490985,6.562500000282455,1.6981971384666394e-12,1.1937117960769683e-11,5.850964157616545e-11
58.800000000000566,83.03749999999998,76.47499999999468,69.9124999999481,63.34999999967984,1.2500000000000049,1.2500000000029563,1.2500000000281977,1.2500000001701275,6.562500000003695,6.562500000035247,6.562500000212659,6.562500000005301,6.562500000046583,6.562500000268258,1.6058265828178264e-12,1.1335821170632698e-11,5.559908089480814e-11
58.90000000000057,83.16249999999998,76.59999999999496,70.03749999995077,63.474999999695996,1.2500000000000049,1.2500000000028004,1.250000000026745,1.250000000161553,6.5625000000035,6.562500000033431,6.562500000201942,6.562500000005016,6.562500000044196,6.562500000254772,1.5161205624281138e-12,1.0764722446765518e-11,5.283062876060285e-11
59.00000000000057,83.28749999999998,76.72499999999523,70.16249999995331,63.599999999711336,1.2500000000000049,1.2500000000026525,1.2500000000253677,1.25000000015341,6.562500000003316,6.56250000003171,6.562500000191762,6.562500000004746,6.562500000041922,6.562500000241975,1.4308554341369017e-12,1.021227546971204e-11,5.021316695774658e-11
59.10000000000057,83.41249999999998,76.84999999999549,70.28749999995571,63.7249999997259,1.2500000000000049,1.2500000000025122,1.2500000000240612,1.2500000001456772,6.562500000003141,6.562500000030076,6.562500000182096,6.562500000004491,6.562500000039776,6.562500000229811,1.3500311979441904e-12,9.699796521545068e-12,4.771472106313013e-11
59.20000000000057,83.53749999999998,76.97499999999573,70.412499999958,63.84999999973974,1.2500000000000049,1.2500000000023792,1.2500000000228222,1.2500000001383338,6.562500000002974,6.562500000028528,6.562500000172918,6.562500000004249,6.56250000003773,6.5625000002182645,1.2754242106893798e-12,9.201528428093297e-12,4.5346837396209594e-11
59.30000000000057,83.66249999999998,77.09999999999596,70.53749999996016,63.974999999752875,1.2500000000000049,1.250000000002253,1.250000000021647,1.2500000001313603,6.562500000002816,6.562500000027058,6.5625000001642,6.562500000004022,6.562500000035797,6.562500000207287,1.20525811553307e-12,8.738787471429532e-12,4.3086423318072775e-11
59.400000000000574,83.78749999999998,77.22499999999617,70.66249999996221,64.09999999976534,1.2500000000000049,1.2500000000021334,1.2500000000205322,1.2500000001247376,6.562500000002666,6.562500000025665,6.5625000001559215,6.5625000000038085,6.562500000033964,6.562500000196863,1.142197447734361e-12,8.29913915367797e-12,4.094147243449697e-11
59.500000000000576,83.91249999999998,77.34999999999637,70.78749999996415,64.2249999997772,1.2500000000000049,1.2500000000020202,1.2500000000194753,1.2500000001184481,6.562500000002525,6.562500000024344,6.56250000014806,6.56250000000361,6.562500000032216,6.562500000186958,1.084465850453853e-12,7.87192533380221e-12,3.8897773890766985e-11
59.60000000000058,84.03749999999998,77.47499999999656,70.912499999966,64.34999999978844,1.2500000000000049,1.2500000000019131,1.2500000000184726,1.2500000001124751,6.562500000002391,6.562500000023091,6.562500000140594,6.562500000003425,6.562500000030553,6.562500000177565,1.0338396805309458e-12,7.462475082320452e-12,3.697042672001771e-11
59.70000000000058,84.16249999999998,77.59999999999674,71.03749999996775,64.47499999979912,1.2500000000000049,1.250000000001812,1.2500000000175209,1.2500000001068035,6.562500000002265,6.562500000021901,6.562500000133504,6.56250000000324,6.56250000002899,6.562500000168626,9.752199048307375e-13,7.0894401460464e-12,3.512212742862175e-11
59.80000000000058,84.28749999999998,77.72499999999691,71.16249999996941,64.59999999980927,1.2500000000000049,1.2500000000017162,1.2500000000166187,1.2500000001014169,6.562500000002145,6.562500000020774,6.5625000001267715,6.5625000000030695,6.562500000027498,6.562500000160142,9.245937349078304e-13,6.724398815549648e-12,3.3370639584973105e-11
59.90000000000058,84.41249999999998,77.84999999999707,71.28749999997099,64.7249999998189,1.2500000000000049,1.2500000000016256,1.2500000000157627,1.2500000000963016,6.562500000002032,6.562500000019703,6.562500000120377,6.562500000002913,6.562500000026077,6.562500000152085,8.810729923425242e-13,6.373568339768099e-12,3.170796958329447e-11
