time,master_s,slave1_s,slave2_s,slave3_s,master_velocity,slave1_velocity,slave2_velocity,slave3_velocity,distance_master_slave1,distance_slave1_slave2,distance_slave2_slave3,error_slave1,error_slave2,error_slave3
0.0,0.2,-4.8,-9.8,-14.8,2.0,2.0,2.0,2.0,5.0,5.000000000000001,5.0,0.0,8.881784197001252e-16,0.0
0.1,0.4,-4.6,-9.600000000000001,-14.600000000000001,2.0,2.0,2.0,2.0,5.0,5.000000000000002,5.0,0.0,1.7763568394002505e-15,0.0
0.2,0.6000000000000001,-4.3999999999999995,-9.400000000000002,-14.400000000000002,2.0,2.0,2.0,2.0,5.0,5.000000000000003,5.0,0.0,2.6645352591003757e-15,0.0
0.30000000000000004,0.8,-4.199999999999999,-9.200000000000003,-14.200000000000003,2.0,2.0,2.0,2.0,4.999999999999999,5.0000000000000036,5.0,-8.881784197001252e-16,3.552713678800501e-15,0.0
0.4,1.0,-3.999999999999999,-9.000000000000004,-14.000000000000004,2.0,2.0,2.0,2.0,4.999999999999999,5.000000000000004,5.0,-8.881784197001252e-16,4.440892098500626e-15,0.0
0.5,1.2,-3.799999999999999,-8.800000000000004,-13.800000000000004,2.0,2.0,2.0,2.0,4.999999999999999,5.000000000000005,5.0,-8.881784197001252e-16,5.329070518200751e-15,0.0
0.6,1.4,-3.5999999999999988,-8.600000000000005,-13.600000000000005,2.0,2.0,2.0000000000000004,2.0,4.999999999999998,5.000000000000006,5.0,-1.7763568394002505e-15,6.217248937900877e-15,0.0
0.7,1.5999999999999999,-3.3999999999999986,-8.400000000000006,-13.400000000000006,2.0,2.0,2.000000000000001,2.0,4.999999999999998,5.000000000000007,5.0,-1.7763568394002505e-15,7.105427357601002e-15,0.0
0.7999999999999999,1.7999999999999998,-3.1999999999999984,-8.200000000000006,-13.200000000000006,2.0,2.0,2.0000000000000013,2.0,4.999999999999998,5.000000000000008,5.0,-1.7763568394002505e-15,7.993605777301127e-15,0.0
0.8999999999999999,1.9999999999999998,-2.9999999999999982,-8.000000000000007,-13.000000000000007,2.0,2.0,2.0000000000000018,2.0,4.999999999999998,5.000000000000009,5.0,-1.7763568394002505e-15,8.881784197001252e-15,0.0
0.9999999999999999,2.1999999999999997,-2.799999999999998,-7.800000000000007,-12.800000000000008,2.0,2.0,2.000000000000002,2.0,4.999999999999998,5.000000000000009,5.000000000000001,-1.7763568394002505e-15,8.881784197001252e-15,8.881784197001252e-16
1.0999999999999999,2.4,-2.599999999999998,-7.600000000000007,-12.600000000000009,2.0,2.0,2.0000000000000027,2.0,4.999999999999998,5.000000000000009,5.000000000000002,-1.7763568394002505e-15,8.881784197001252e-15,1.7763568394002505e-15
1.2,2.6,-2.3999999999999977,-7.400000000000007,-12.40000000000001,2.0,2.0,2.000000000000003,2.0000000000000004,4.999999999999998,5.000000000000009,5.000000000000003,-1.7763568394002505e-15,8.881784197001252e-15,2.6645352591003757e-15
1.3,2.8000000000000003,-2.1999999999999975,-7.200000000000006,-12.20000000000001,2.0,2.0,2.000000000000003,2.000000000000001,4.999999999999998,5.000000000000009,5.0000000000000036,-1.7763568394002505e-15,8.881784197001252e-15,3.552713678800501e-15
1.4000000000000001,3.0000000000000004,-1.9999999999999976,-7.000000000000006,-12.00000000000001,2.0,2.0,2.000000000000003,2.0000000000000013,4.999999999999998,5.000000000000009,5.000000000000004,-1.7763568394002505e-15,8.881784197001252e-15,4.440892098500626e-15
1.5000000000000002,3.2000000000000006,-1.7999999999999976,-6.800000000000006,-11.800000000000011,2.0,2.0,2.000000000000003,2.0000000000000018,4.999999999999998,5.000000000000009,5.000000000000005,-1.7763568394002505e-15,8.881784197001252e-15,5.329070518200751e-15
1.6000000000000003,3.400000000000001,-1.5999999999999976,-6.600000000000006,-11.60000000000001,2.0,2.0,2.000000000000003,2.000000000000002,4.999999999999998,5.000000000000008,5.000000000000004,-1.7763568394002505e-15,7.993605777301127e-15,4.440892098500626e-15
1.7000000000000004,3.600000000000001,-1.3999999999999977,-6.400000000000006,-11.40000000000001,2.0,2.0,2.000000000000003,2.0000000000000027,4.999999999999998,5.000000000000008,5.0000000000000036,-1.7763568394002505e-15,7.993605777301127e-15,3.552713678800501e-15
1.8000000000000005,3.800000000000001,-1.1999999999999977,-6.2000000000000055,-11.200000000000008,2.0,2.0,2.000000000000003,2.0000000000000027,4.999999999999999,5.000000000000008,5.000000000000003,-8.881784197001252e-16,7.993605777301127e-15,2.6645352591003757e-15
1.9000000000000006,4.000000000000001,-0.9999999999999978,-6.000000000000005,-11.000000000000007,2.0,2.0,2.000000000000003,2.0000000000000027,4.999999999999998,5.000000000000007,5.000000000000002,-1.7763568394002505e-15,7.105427357601002e-15,1.7763568394002505e-15
2.0000000000000004,4.200000000000001,-0.7999999999999978,-5.800000000000005,-10.800000000000006,2.0,2.0,2.000000000000003,2.0000000000000027,4.999999999999999,5.000000000000007,5.000000000000001,-8.881784197001252e-16,7.105427357601002e-15,8.881784197001252e-16
2.1000000000000005,4.400000000000001,-0.5999999999999979,-5.600000000000005,-10.600000000000005,2.0,2.0,2.000000000000003,2.0000000000000027,4.999999999999999,5.000000000000007,5.0,-8.881784197001252e-16,7.105427357601002e-15,0.0
2.2000000000000006,4.600000000000001,-0.39999999999999786,-5.400000000000005,-10.400000000000004,2.0,2.0,2.000000000000003,2.0000000000000027,4.999999999999999,5.000000000000007,4.999999999999999,-8.881784197001252e-16,7.105427357601002e-15,-8.881784197001252e-16
2.3000000000000007,4.800000000000002,-0.19999999999999785,-5.200000000000005,-10.200000000000003,2.0,2.0,2.000000000000003,2.0000000000000027,4.999999999999999,5.000000000000007,4.999999999999998,-8.881784197001252e-16,7.105427357601002e-15,-1.7763568394002505e-15
2.400000000000001,5.000000000000002,2.1649348980190553e-15,-5.000000000000004,-10.000000000000002,2.0,2.0,2.000000000000003,2.0000000000000027,5.0,5.000000000000006,4.999999999999997,0.0,6.217248937900877e-15,-2.6645352591003757e-15
2.500000000000001,5.200000000000002,0.20000000000000218,-4.800000000000004,-9.8,2.0,2.0,2.000000000000003,2.0000000000000027,5.0,5.000000000000006,4.9999999999999964,0.0,6.217248937900877e-15,-3.552713678800501e-15
2.600000000000001,5.400000000000002,0.4000000000000022,-4.600000000000004,-9.6,2.0,2.0,2.000000000000003,2.0000000000000027,5.0,5.000000000000006,4.999999999999996,0.0,6.217248937900877e-15,-4.440892098500626e-15
2.700000000000001,5.600000000000002,0.6000000000000022,-4.400000000000004,-9.399999999999999,2.0,2.0,2.000000000000003,2.0000000000000027,5.0,5.000000000000006,4.999999999999995,0.0,6.217248937900877e-15,-5.329070518200751e-15
2.800000000000001,5.8000000000000025,0.8000000000000023,-4.200000000000004,-9.199999999999998,2.0,2.0,2.000000000000003,2.000000000000002,5.0,5.000000000000006,4.999999999999994,0.0,6.217248937900877e-15,-6.217248937900877e-15
2.9000000000000012,6.000000000000003,1.0000000000000022,-4.0000000000000036,-8.999999999999996,2.0,2.0,2.000000000000003,2.0000000000000018,5.0,5.000000000000005,4.999999999999993,0.0,5.329070518200751e-15,-7.105427357601002e-15
3.0000000000000013,6.200000000000003,1.2000000000000022,-3.8000000000000034,-8.799999999999997,2.0,2.0,2.000000000000003,2.0000000000000013,5.000000000000001,5.000000000000005,4.999999999999994,8.881784197001252e-16,5.329070518200751e-15,-6.217248937900877e-15
3.1000000000000014,6.400000000000003,1.4000000000000021,-3.600000000000003,-8.599999999999998,2.0,2.0,2.000000000000003,2.0000000000000013,5.000000000000001,5.000000000000005,4.999999999999995,8.881784197001252e-16,5.329070518200751e-15,-5.329070518200751e-15
3.2000000000000015,6.600000000000003,1.600000000000002,-3.400000000000003,-8.399999999999999,2.0,2.0,2.000000000000003,2.0000000000000013,5.000000000000001,5.000000000000005,4.999999999999996,8.881784197001252e-16,5.329070518200751e-15,-4.440892098500626e-15
3.3000000000000016,6.800000000000003,1.800000000000002,-3.200000000000003,-8.2,2.0,2.0,2.000000000000003,2.0000000000000013,5.000000000000002,5.000000000000005,4.9999999999999964,1.7763568394002505e-15,5.329070518200751e-15,-3.552713678800501e-15
3.4000000000000017,7.0000000000000036,2.000000000000002,-3.0000000000000027,-7.999999999999999,2.0,2.0,2.000000000000003,2.0000000000000013,5.000000000000002,5.000000000000005,4.9999999999999964,1.7763568394002505e-15,5.329070518200751e-15,-3.552713678800501e-15
3.5000000000000018,7.200000000000004,2.2000000000000024,-2.8000000000000025,-7.799999999999999,2.0,2.0,2.000000000000003,2.0000000000000013,5.000000000000002,5.000000000000005,4.9999999999999964,1.7763568394002505e-15,5.329070518200751e-15,-3.552713678800501e-15
3.600000000000002,7.400000000000004,2.4000000000000026,-2.6000000000000023,-7.599999999999999,2.0,2.0,2.000000000000003,2.0000000000000013,5.000000000000002,5.000000000000005,4.9999999999999964,1.7763568394002505e-15,5.329070518200751e-15,-3.552713678800501e-15
3.700000000000002,7.600000000000004,2.6000000000000028,-2.400000000000002,-7.399999999999999,2.0,2.0,2.000000000000003,2.0000000000000013,5.000000000000002,5.000000000000005,4.9999999999999964,1.7763568394002505e-15,5.329070518200751e-15,-3.552713678800501e-15
3.800000000000002,7.800000000000004,2.800000000000003,-2.200000000000002,-7.199999999999998,2.0,2.0,2.000000000000003,2.0000000000000013,5.000000000000002,5.000000000000005,4.9999999999999964,1.7763568394002505e-15,5.329070518200751e-15,-3.552713678800501e-15
3.900000000000002,8.000000000000004,3.000000000000003,-2.0000000000000018,-6.999999999999998,2.0,2.0,2.000000000000003,2.0000000000000013,5.0,5.000000000000005,4.9999999999999964,0.0,5.329070518200751e-15,-3.552713678800501e-15
4.000000000000002,8.200000000000003,3.2000000000000033,-1.8000000000000014,-6.799999999999998,2.0,2.0,2.000000000000003,2.0000000000000013,5.0,5.000000000000004,4.9999999999999964,0.0,4.440892098500626e-15,-3.552713678800501e-15
4.100000000000001,8.400000000000002,3.4000000000000035,-1.600000000000001,-6.599999999999998,2.0,2.0,2.000000000000003,2.0000000000000013,4.999999999999998,5.000000000000004,4.9999999999999964,-1.7763568394002505e-15,4.440892098500626e-15,-3.552713678800501e-15
4.200000000000001,8.600000000000001,3.6000000000000036,-1.4000000000000006,-6.399999999999998,2.0,2.0,2.000000000000003,2.0000000000000013,4.999999999999998,5.000000000000004,4.999999999999997,-1.7763568394002505e-15,4.440892098500626e-15,-2.6645352591003757e-15
4.300000000000001,8.8,3.800000000000004,-1.2000000000000002,-6.1999999999999975,2.0,2.0,2.000000000000003,2.0000000000000013,4.9999999999999964,5.0000000000000036,4.999999999999997,-3.552713678800501e-15,3.552713678800501e-15,-2.6645352591003757e-15
4.4,9.0,4.0000000000000036,-0.9999999999999999,-5.999999999999997,2.0,1.9999999999999998,2.000000000000003,2.0000000000000013,4.9999999999999964,5.0000000000000036,4.999999999999997,-3.552713678800501e-15,3.552713678800501e-15,-2.6645352591003757e-15
4.5,9.2,4.200000000000004,-0.7999999999999996,-5.799999999999997,2.0,1.9999999999999996,2.000000000000003,2.0000000000000013,4.999999999999996,5.0000000000000036,4.999999999999997,-4.440892098500626e-15,3.552713678800501e-15,-2.6645352591003757e-15
4.6,9.399999999999999,4.400000000000004,-0.5999999999999993,-5.599999999999997,2.0,1.9999999999999993,2.000000000000003,2.0000000000000013,4.999999999999995,5.0000000000000036,4.999999999999997,-5.329070518200751e-15,3.552713678800501e-15,-2.6645352591003757e-15
4.699999999999999,9.599999999999998,4.600000000000004,-0.399999999999999,-5.399999999999997,2.0,1.9999999999999991,2.000000000000003,2.0000000000000013,4.999999999999994,5.0000000000000036,4.999999999999998,-6.217248937900877e-15,3.552713678800501e-15,-1.7763568394002505e-15
4.799999999999999,9.799999999999997,4.800000000000004,-0.1999999999999987,-5.199999999999997,2.0,1.999999999999999,2.000000000000003,2.0000000000000013,4.999999999999993,5.000000000000003,4.999999999999998,-7.105427357601002e-15,2.6645352591003757e-15,-1.7763568394002505e-15
4.899999999999999,9.999999999999996,5.000000000000004,1.609823385706477e-15,-4.9999999999999964,2.0,1.9999999999999987,2.000000000000003,2.0000000000000013,4.999999999999992,5.000000000000003,4.999999999999998,-7.993605777301127e-15,2.6645352591003757e-15,-1.7763568394002505e-15
4.999999999999998,10.199999999999996,5.200000000000005,0.2000000000000019,-4.799999999999996,2.0,1.9999999999999984,2.0000000000000027,2.0000000000000013,4.999999999999991,5.000000000000003,4.999999999999998,-8.881784197001252e-15,2.6645352591003757e-15,-1.7763568394002505e-15
5.099999999999998,10.399999999999995,5.400000000000005,0.4000000000000022,-4.599999999999996,2.0,1.9999999999999982,2.0000000000000027,2.0000000000000013,4.99999999999999,5.000000000000003,4.999999999999998,-9.769962616701378e-15,2.6645352591003757e-15,-1.7763568394002505e-15
5.1999999999999975,10.599999999999994,5.600000000000005,0.6000000000000025,-4.399999999999996,2.0,1.9999999999999978,2.0000000000000027,2.0000000000000013,4.999999999999989,5.000000000000003,4.999999999999998,-1.0658141036401503e-14,2.6645352591003757e-15,-1.7763568394002505e-15
5.299999999999997,10.799999999999994,5.800000000000004,0.8000000000000027,-4.199999999999996,2.0,1.9999999999999973,2.000000000000002,2.0000000000000013,4.999999999999989,5.000000000000002,4.999999999999998,-1.0658141036401503e-14,1.7763568394002505e-15,-1.7763568394002505e-15
5.399999999999997,10.999999999999993,6.0000000000000036,1.0000000000000029,-3.9999999999999956,2.0,1.9999999999999971,2.0000000000000018,2.0000000000000013,4.999999999999989,5.000000000000001,4.999999999999998,-1.0658141036401503e-14,8.881784197001252e-16,-1.7763568394002505e-15
5.4999999999999964,11.199999999999992,6.200000000000003,1.200000000000003,-3.7999999999999954,2.0,1.999999999999997,2.0000000000000013,2.0000000000000013,4.999999999999989,5.0,4.999999999999998,-1.0658141036401503e-14,0.0,-1.7763568394002505e-15
5.599999999999996,11.399999999999991,6.400000000000002,1.4000000000000032,-3.599999999999995,2.0,1.9999999999999967,2.000000000000001,2.0000000000000013,4.999999999999989,4.999999999999999,4.999999999999998,-1.0658141036401503e-14,-8.881784197001252e-16,-1.7763568394002505e-15
5.699999999999996,11.59999999999999,6.600000000000001,1.6000000000000032,-3.399999999999995,2.0,1.9999999999999964,2.0000000000000004,2.0000000000000013,4.999999999999989,4.999999999999998,4.999999999999998,-1.0658141036401503e-14,-1.7763568394002505e-15,-1.7763568394002505e-15
5.799999999999995,11.79999999999999,6.800000000000001,1.8000000000000032,-3.199999999999995,2.0,1.9999999999999962,2.0,2.0000000000000013,4.999999999999989,4.999999999999997,4.999999999999998,-1.0658141036401503e-14,-2.6645352591003757e-15,-1.7763568394002505e-15
5.899999999999995,11.99999999999999,7.0,2.000000000000003,-2.9999999999999947,2.0,1.999999999999996,1.9999999999999996,2.0000000000000013,4.999999999999989,4.9999999999999964,4.999999999999998,-1.0658141036401503e-14,-3.552713678800501e-15,-1.7763568394002505e-15
5.999999999999995,12.199999999999989,7.199999999999999,2.200000000000003,-2.7999999999999945,2.0,1.9999999999999958,1.9999999999999991,2.000000000000001,4.999999999999989,4.9999999999999964,4.999999999999997,-1.0658141036401503e-14,-3.552713678800501e-15,-2.6645352591003757e-15
6.099999999999994,12.399999999999988,7.399999999999999,2.4000000000000026,-2.5999999999999943,2.0,1.9999999999999956,1.9999999999999987,2.0000000000000004,4.999999999999989,4.9999999999999964,4.9999999999999964,-1.0658141036401503e-14,-3.552713678800501e-15,-3.552713678800501e-15
6.199999999999994,12.599999999999987,7.599999999999998,2.6000000000000023,-2.399999999999994,2.0,1.9999999999999953,1.9999999999999982,2.0,4.999999999999989,4.999999999999996,4.9999999999999964,-1.0658141036401503e-14,-4.440892098500626e-15,-3.552713678800501e-15
6.299999999999994,12.799999999999986,7.799999999999997,2.800000000000002,-2.199999999999994,2.0,1.9999999999999951,1.9999999999999978,1.9999999999999998,4.999999999999989,4.999999999999995,4.9999999999999964,-1.0658141036401503e-14,-5.329070518200751e-15,-3.552713678800501e-15
6.399999999999993,12.999999999999986,7.9999999999999964,3.0000000000000018,-1.999999999999994,2.0,1.999999999999995,1.9999999999999973,1.9999999999999993,4.999999999999989,4.999999999999995,4.999999999999996,-1.0658141036401503e-14,-5.329070518200751e-15,-4.440892098500626e-15
6.499999999999993,13.199999999999985,8.199999999999996,3.2000000000000015,-1.799999999999994,2.0,1.9999999999999947,1.999999999999997,1.999999999999999,4.999999999999989,4.999999999999995,4.999999999999996,-1.0658141036401503e-14,-5.329070518200751e-15,-4.440892098500626e-15
6.5999999999999925,13.399999999999984,8.399999999999995,3.4000000000000012,-1.5999999999999943,2.0,1.9999999999999947,1.9999999999999964,1.9999999999999984,4.999999999999989,4.999999999999994,4.999999999999996,-1.0658141036401503e-14,-6.217248937900877e-15,-4.440892098500626e-15
6.699999999999992,13.599999999999984,8.599999999999994,3.600000000000001,-1.3999999999999946,2.0,1.9999999999999947,1.999999999999996,1.999999999999998,4.999999999999989,4.999999999999993,4.999999999999996,-1.0658141036401503e-14,-7.105427357601002e-15,-4.440892098500626e-15
6.799999999999992,13.799999999999983,8.799999999999994,3.8000000000000007,-1.1999999999999948,2.0,1.9999999999999947,1.9999999999999956,1.9999999999999976,4.999999999999989,4.999999999999993,4.999999999999996,-1.0658141036401503e-14,-7.105427357601002e-15,-4.440892098500626e-15
6.8999999999999915,13.999999999999982,8.999999999999993,4.0,-0.9999999999999951,2.0,1.9999999999999947,1.9999999999999951,1.9999999999999971,4.999999999999989,4.999999999999993,4.999999999999995,-1.0658141036401503e-14,-7.105427357601002e-15,-5.329070518200751e-15
6.999999999999991,14.199999999999982,9.199999999999992,4.199999999999999,-0.7999999999999954,2.0,1.9999999999999947,1.9999999999999947,1.9999999999999967,4.999999999999989,4.999999999999993,4.999999999999995,-1.0658141036401503e-14,-7.105427357601002e-15,-5.329070518200751e-15
7.099999999999991,14.39999999999998,9.399999999999991,4.399999999999999,-0.5999999999999958,2.0,1.9999999999999947,1.9999999999999942,1.9999999999999962,4.999999999999989,4.999999999999993,4.999999999999995,-1.0658141036401503e-14,-7.105427357601002e-15,-5.329070518200751e-15
7.19999999999999,14.59999999999998,9.59999999999999,4.599999999999998,-0.39999999999999614,2.0,1.9999999999999947,1.999999999999994,1.9999999999999958,4.999999999999989,4.999999999999993,4.999999999999994,-1.0658141036401503e-14,-7.105427357601002e-15,-6.217248937900877e-15
7.29999999999999,14.79999999999998,9.79999999999999,4.799999999999997,-0.1999999999999966,2.0,1.9999999999999947,1.9999999999999938,1.9999999999999953,4.999999999999989,4.999999999999993,4.999999999999994,-1.0658141036401503e-14,-7.105427357601002e-15,-6.217248937900877e-15
7.39999999999999,14.999999999999979,9.99999999999999,4.9999999999999964,2.914335439641036e-15,2.0,1.9999999999999947,1.9999999999999936,1.999999999999995,4.999999999999989,4.999999999999993,4.999999999999994,-1.0658141036401503e-14,-7.105427357601002e-15,-6.217248937900877e-15
7.499999999999989,15.199999999999978,10.199999999999989,5.199999999999996,0.20000000000000237,2.0,1.9999999999999947,1.9999999999999933,1.9999999999999944,4.999999999999989,4.999999999999993,4.999999999999994,-1.0658141036401503e-14,-7.105427357601002e-15,-6.217248937900877e-15
7.599999999999989,15.399999999999977,10.399999999999988,5.399999999999995,0.4000000000000018,2.0,1.9999999999999947,1.9999999999999931,1.999999999999994,4.999999999999989,4.999999999999993,4.999999999999993,-1.0658141036401503e-14,-7.105427357601002e-15,-7.105427357601002e-15
7.699999999999989,15.599999999999977,10.599999999999987,5.599999999999994,0.6000000000000012,2.0,1.9999999999999947,1.999999999999993,1.9999999999999936,4.999999999999989,4.999999999999993,4.999999999999993,-1.0658141036401503e-14,-7.105427357601002e-15,-7.105427357601002e-15
7.799999999999988,15.799999999999976,10.799999999999986,5.799999999999994,0.8000000000000005,2.0,1.9999999999999947,1.9999999999999927,1.9999999999999931,4.999999999999989,4.999999999999993,4.999999999999993,-1.0658141036401503e-14,-7.105427357601002e-15,-7.105427357601002e-15
7.899999999999988,15.999999999999975,10.999999999999986,5.999999999999993,0.9999999999999998,2.0,1.9999999999999947,1.9999999999999925,1.9999999999999927,4.999999999999989,4.999999999999993,4.999999999999993,-1.0658141036401503e-14,-7.105427357601002e-15,-7.105427357601002e-15
7.999999999999988,16.199999999999974,11.199999999999985,6.199999999999992,1.199999999999999,2.0,1.9999999999999947,1.9999999999999922,1.9999999999999922,4.999999999999989,4.999999999999993,4.999999999999993,-1.0658141036401503e-14,-7.105427357601002e-15,-7.105427357601002e-15
8.099999999999987,16.399999999999974,11.399999999999984,6.3999999999999915,1.3999999999999981,2.0,1.9999999999999947,1.999999999999992,1.9999999999999918,4.999999999999989,4.999999999999993,4.999999999999993,-1.0658141036401503e-14,-7.105427357601002e-15,-7.105427357601002e-15
8.199999999999987,16.599999999999973,11.599999999999984,6.599999999999991,1.5999999999999972,2.0,1.9999999999999947,1.9999999999999918,1.9999999999999913,4.999999999999989,4.999999999999993,4.999999999999994,-1.0658141036401503e-14,-7.105427357601002e-15,-6.217248937900877e-15
8.299999999999986,16.799999999999972,11.799999999999983,6.79999999999999,1.7999999999999963,2.0,1.9999999999999947,1.9999999999999916,1.9999999999999911,4.999999999999989,4.999999999999993,4.999999999999994,-1.0658141036401503e-14,-7.105427357601002e-15,-6.217248937900877e-15
8.399999999999986,16.99999999999997,11.999999999999982,6.999999999999989,1.9999999999999953,2.0,1.9999999999999947,1.9999999999999916,1.999999999999991,4.999999999999989,4.999999999999993,4.999999999999994,-1.0658141036401503e-14,-7.105427357601002e-15,-6.217248937900877e-15
8.499999999999986,17.19999999999997,12.199999999999982,7.199999999999989,2.1999999999999944,2.0,1.9999999999999947,1.9999999999999916,1.9999999999999907,4.999999999999989,4.999999999999993,4.999999999999995,-1.0658141036401503e-14,-7.105427357601002e-15,-5.329070518200751e-15
8.599999999999985,17.39999999999997,12.39999999999998,7.399999999999988,2.3999999999999932,2.0,1.9999999999999947,1.9999999999999916,1.9999999999999905,4.999999999999989,4.999999999999993,4.999999999999995,-1.0658141036401503e-14,-7.105427357601002e-15,-5.329070518200751e-15
8.699999999999985,17.59999999999997,12.59999999999998,7.599999999999987,2.599999999999992,2.0,1.9999999999999947,1.9999999999999916,1.9999999999999902,4.999999999999989,4.999999999999993,4.999999999999995,-1.0658141036401503e-14,-7.105427357601002e-15,-5.329070518200751e-15
8.799999999999985,17.79999999999997,12.79999999999998,7.7999999999999865,2.799999999999991,2.0,1.9999999999999947,1.9999999999999916,1.99999999999999,4.999999999999989,4.999999999999993,4.999999999999996,-1.0658141036401503e-14,-7.105427357601002e-15,-4.440892098500626e-15
8.899999999999984,17.999999999999968,12.999999999999979,7.999999999999986,2.99999999999999,2.0,1.9999999999999947,1.9999999999999916,1.99999999999999,4.999999999999989,4.999999999999993,4.9999999999999964,-1.0658141036401503e-14,-7.105427357601002e-15,-3.552713678800501e-15
8.999999999999984,18.199999999999967,13.199999999999978,8.199999999999985,3.1999999999999886,2.0,1.9999999999999947,1.9999999999999916,1.99999999999999,4.999999999999989,4.999999999999993,4.9999999999999964,-1.0658141036401503e-14,-7.105427357601002e-15,-3.552713678800501e-15
9.099999999999984,18.399999999999967,13.399999999999977,8.399999999999984,3.3999999999999875,2.0,1.9999999999999947,1.9999999999999916,1.99999999999999,4.999999999999989,4.999999999999993,4.9999999999999964,-1.0658141036401503e-14,-7.105427357601002e-15,-3.552713678800501e-15
9.199999999999983,18.599999999999966,13.599999999999977,8.599999999999984,3.5999999999999863,2.0,1.9999999999999947,1.9999999999999916,1.99999999999999,4.999999999999989,4.999999999999993,4.999999999999997,-1.0658141036401503e-14,-7.105427357601002e-15,-2.6645352591003757e-15
9.299999999999983,18.799999999999965,13.799999999999976,8.799999999999983,3.799999999999985,2.0,1.9999999999999947,1.9999999999999916,1.99999999999999,4.999999999999989,4.999999999999993,4.999999999999998,-1.0658141036401503e-14,-7.105427357601002e-15,-1.7763568394002505e-15
9.399999999999983,18.999999999999964,13.999999999999975,8.999999999999982,3.999999999999984,2.0,1.9999999999999947,1.9999999999999916,1.99999999999999,4.999999999999989,4.999999999999993,4.999999999999998,-1.0658141036401503e-14,-7.105427357601002e-15,-1.7763568394002505e-15
9.499999999999982,19.199999999999964,14.199999999999974,9.199999999999982,4.199999999999983,2.0,1.9999999999999947,1.9999999999999916,1.99999999999999,4.999999999999989,4.999999999999993,4.999999999999998,-1.0658141036401503e-14,-7.105427357601002e-15,-1.7763568394002505e-15
9.599999999999982,19.399999999999963,14.399999999999974,9.39999999999998,4.399999999999983,2.0,1.9999999999999947,1.9999999999999916,1.99999999999999,4.999999999999989,4.999999999999993,4.999999999999998,-1.0658141036401503e-14,-7.105427357601002e-15,-1.7763568394002505e-15
9.699999999999982,19.599999999999962,14.599999999999973,9.59999999999998,4.599999999999982,2.0,1.9999999999999947,1.9999999999999916,1.99999999999999,4.999999999999989,4.999999999999993,4.999999999999998,-1.0658141036401503e-14,-7.105427357601002e-15,-1.7763568394002505e-15
9.799999999999981,19.79999999999996,14.799999999999972,9.79999999999998,4.799999999999981,2.0,1.9999999999999947,1.9999999999999916,1.99999999999999,4.999999999999989,4.999999999999993,4.999999999999998,-1.0658141036401503e-14,-7.105427357601002e-15,-1.7763568394002505e-15
9.89999999999998,19.99999999999996,14.999999999999972,9.999999999999979,4.9999999999999805,2.0,1.9999999999999947,1.9999999999999916,1.99999999999999,4.999999999999989,4.999999999999993,4.999999999999998,-1.0658141036401503e-14,-7.105427357601002e-15,-1.7763568394002505e-15
9.99999999999998,20.19999999999996,15.19999999999997,10.199999999999978,5.19999999999998,2.0,1.9999999999999947,1.9999999999999916,1.99999999999999,4.999999999999989,4.999999999999993,4.999999999999998,-1.0658141036401503e-14,-7.105427357601002e-15,-1.7763568394002505e-15
10.09999999999998,20.39849999999996,15.39999999999997,10.399999999999977,5.399999999999979,1.985,1.9999999999999947,1.9999999999999916,1.99999999999999,4.998499999999989,4.999999999999993,4.999999999999998,-0.001500000000010715,-7.105427357601002e-15,-1.7763568394002505e-15
10.19999999999998,20.59549999999996,15.59987249999997,10.599999999999977,5.599999999999978,1.9700000000000002,1.9987249999999945,1.9999999999999916,1.99999999999999,4.995627499999989,4.999872499999993,4.999999999999998,-0.004372500000011215,-0.00012750000000671946,-1.7763568394002505e-15
10.29999999999998,20.790999999999958,15.79949333749997,10.799989162499976,5.799999999999978,1.9550000000000003,1.9962083749999944,1.9998916249999914,1.99999999999999,4.991506662499988,4.999504174999993,4.999989162499999,-0.008493337500011577,-0.0004958250000068887,-1.0837500001414924e-05
10.399999999999979,20.984999999999957,15.998742041312468,10.999946379874975,5.999999078812476,1.9400000000000004,1.9924870381249942,1.9995721737499912,1.99999078812499,4.986257958687489,4.998795661437493,4.999947301062499,-0.013742041312511333,-0.0012043385625073455,-5.269893750092791e-05
10.499999999999979,21.177499999999956,16.197502138613405,11.199840894472162,6.199994545215288,1.9250000000000005,1.987600973009369,1.9989451459718661,1.9999546640281152,4.9799978613865505,4.997661244141243,4.999846349256874,-0.02000213861344946,-0.002338755858756869,-0.00015365074312612137
10.599999999999978,21.368499999999955,16.3956614174372,11.399632961906356,6.399981167219934,1.9100000000000006,1.9815927882379472,1.9979206743419284,1.999866220046459,4.972838582562755,4.996028455530844,4.999651794686422,-0.027161417437245206,-0.00397154446915593,-0.0003482053135783758
10.699999999999978,21.557999999999954,16.593112146867906,11.59927454852937,6.599950483832376,1.8950000000000007,1.9745072943070492,1.996415866230152,1.9996931661244177,4.964887853132048,4.993837598338535,4.999324064696995,-0.035112146867952276,-0.006162401661464756,-0.0006759353030050264
10.799999999999978,21.745999999999952,16.789751257209815,11.798710054568694,6.7998902023691485,1.8800000000000008,1.9663911034190877,1.9943550603932307,1.9993971853677261,4.956248742790137,4.991041202641121,4.998819852199546,-0.043751257209862615,-0.008958797358879167,-0.0011801478004542787
10.899999999999977,21.93249999999995,16.985480482438323,11.99787705496543,6.999783683167123,1.8650000000000009,1.9572922522850678,1.9916700039673554,1.9989348079797438,4.947019517561628,4.987603427472893,4.998093371798308,-0.05298048243837172,-0.012396572527107352,-0.0019066282016924063
10.999999999999977,22.11749999999995,17.180206467236356,12.196707050486072,7.19960951239199,1.850000000000001,1.9472598479803438,1.9882999552064171,1.998258292248668,4.937293532763594,4.983499416750284,4.997097538094082,-0.06270646723640638,-0.016500583249715817,-0.002902461905917697
11.099999999999977,22.30099999999995,17.373840840914365,12.395126222232657,7.399341162610989,1.835000000000001,1.936343736780096,1.9841917174658454,1.9973165021899921,4.927159159085583,4.978714618681709,4.995785059621667,-0.07284084091441656,-0.021285381318291385,-0.004214940378332699
11.199999999999976,22.482999999999947,17.566300260493563,12.593056183227164,7.5989467398503034,1.8200000000000012,1.9245941957919674,1.9792996099450708,1.9960557723931438,4.9166997395063845,4.973244077266399,4.9941094433768605,-0.0833002604936155,-0.026755922733601167,-0.005890556623139531
11.299999999999976,22.663499999999946,17.757506425203957,12.790414721294779,7.798388815006917,1.8050000000000013,1.9120616471039293,1.9735853806761425,1.994420751566141,4.905993574795989,4.967091703909178,4.992025906287862,-0.09400642520401092,-0.03290829609082202,-0.00797409371213842
11.399999999999975,22.842499999999944,17.947386064611496,12.987116528013361,7.997624336727851,1.7900000000000014,1.8987963940754145,1.9670180671858244,1.9923552172093342,4.895113935388448,4.960269536598135,4.98949219128551,-0.10488606461155214,-0.039730463401864924,-0.010507808714489641
11.499999999999975,23.019999999999943,18.135870902543378,13.183073909030051,8.196604622205024,1.7750000000000015,1.8848483793188038,1.9595738101668982,1.9898028547717288,4.884129097456565,4.952796993513326,4.986469286825027,-0.1158709025434348,-0.04720300648667397,-0.013530713174972675
11.599999999999975,23.19599999999994,18.32289759892799,13.378197471567523,8.395275421759484,1.7600000000000016,1.8702669638461278,1.951235625374717,1.9867079955445937,4.87310240107195,4.944700127360468,4.982922049808039,-0.12689759892804986,-0.055299872639531955,-0.017077950191961122
11.699999999999974,23.370499999999943,18.508407671607195,13.572396785449568,8.593577052601624,1.7450000000000017,1.8551007267920352,1.9419931388204532,1.9830163084214054,4.862092328392748,4.936010886157627,4.978819732847944,-0.1379076716072518,-0.06398911384237316,-0.02118026715205623
11.799999999999974,23.543499999999945,18.692347400114027,13.765581014466173,8.791444596751196,1.7300000000000018,1.83939728506831,1.931842290166061,1.9786754414957264,4.851152599885918,4.926766385647854,4.974136417714977,-0.14884740011408226,-0.07323361435214615,-0.025863582285023057
11.899999999999974,23.714999999999947,18.87466771333974,13.957659515370237,8.988808157778706,1.7150000000000019,1.8232031322571411,1.9207850090406335,1.973635610275102,4.840332286660207,4.917008197969503,4.9688513575915305,-0.15966771333979324,-0.08299180203049694,-0.031148642408469485
11.999999999999973,23.88499999999995,19.0553240629407,14.14854240224988,9.185593170784298,1.700000000000002,1.8065634960095804,1.9088288687964292,1.967850130055921,4.82967593705925,4.906781660690818,4.962949231465583,-0.1703240629407503,-0.09321833930918189,-0.037050768534417244
12.099999999999973,24.05349999999995,19.234276284258875,14.338141074450682,9.381720759857142,1.685000000000002,1.7895222131817767,1.8959867220080222,1.9612758907284409,4.819223715741074,4.896135209808193,4.95642031459354,-0.18077628425892556,-0.10386479019180683,-0.043579685406459845
12.199999999999973,24.22049999999995,19.411488446450303,14.526368706629915,9.577108137153191,1.6700000000000021,1.7721216219142886,1.8822763217923322,1.9538737729604845,4.809011553549649,4.885119739820388,4.949260569476724,-0.1909884464503513,-0.11488026017961239,-0.050739430523275786
12.299999999999972,24.385999999999953,19.586928693434167,14.713140699909227,9.771669037687278,1.6550000000000022,1.754402469838628,1.867719932793108,1.9456090053408686,4.799071306565786,4.873787993524941,4.941471662221948,-0.20092869343421427,-0.12621200647505937,-0.058528337778051664
12.399999999999972,24.549999999999955,19.76056907719215,14.898375093452527,9.965314183952092,1.6400000000000023,1.7364038375798272,1.8523439354329967,1.936451462648145,4.789430922807803,4.862193983739624,4.933060909500435,-0.21056907719219708,-0.13780601626037559,-0.06693909049956481
12.499999999999972,24.712499999999956,19.932385384863533,15.0819929361317,10.157951774546687,1.6250000000000024,1.7181630767138314,1.8361784267917243,1.9263759059459549,4.780114615136423,4.850392448731833,4.924041161585013,-0.21988538486357712,-0.14960755126816672,-0.07595883841498718
12.599999999999971,24.873499999999957,20.102356960996886,15.263918618253909,10.349487991115973,1.6100000000000025,1.6997157613335463,1.8192568212220845,1.915362165692867,4.771143039003071,4.838438342742977,4.914430627137936,-0.22885696099692865,-0.16156165725702287,-0.08556937286206434
12.69999999999997,25.03299999999996,20.27046652623459,15.444080163610725,10.539827518065183,1.5950000000000026,1.6810956523770164,1.8016154535681503,1.9033952694921012,4.7625334737653695,4.826386362623865,4.904252645545542,-0.2374665262346305,-0.17361363737613544,-0.09574735445445803
12.79999999999997,25.19099999999996,20.436699993622103,15.622409482371129,10.72887406971473,1.5800000000000027,1.6623346738751237,1.7832931876040528,1.8904655164954622,4.754300006377857,4.814290511250974,4.8935354126564,-0.2456999936221429,-0.18570948874902626,-0.10646458734360031
12.89999999999997,25.34749999999996,20.601046283650504,15.798842585577958,10.916530919796426,1.5650000000000028,1.6434629002840069,1.764331032068287,1.8765685008169695,4.746453716349457,4.802203698072546,4.882311665781533,-0.2535462836505431,-0.197796301927454,-0.11768833421846736
12.99999999999997,25.502499999999962,20.76349713905838,15.973319762220875,11.10270142845704,1.550000000000003,1.6245085540787594,1.744771766429172,1.8617050866061515,4.739002860941582,4.790177376837505,4.870618333763835,-0.2609971390584178,-0.2098226231624949,-0.12938166623616532
13.09999999999997,25.655999999999963,20.924046940338332,16.145785720049176,11.287289562225059,1.535000000000003,1.605498012799538,1.7246595782830143,1.8458813376801848,4.731953059661631,4.778261220289156,4.858496157824117,-0.26804694033836896,-0.22173877971084366,-0.14150384217588297
13.199999999999969,25.807999999999964,21.0826925228142,16.316189691455055,11.47020040270702,1.5200000000000031,1.5864558247586567,1.704039714058794,1.8291084048196171,4.7253074771857655,4.766502831359144,4.845989288748035,-0.2746925228142345,-0.2334971686408558,-0.1540107112519653
13.299999999999969,25.958499999999965,21.239432996077923,16.48448550590333,11.651340640106636,1.5050000000000032,1.5674047326372527,1.6829581444827402,1.811402373996153,4.719067003922042,4.754947490174594,4.833144865796694,-0.28093299607795785,-0.24505250982540616,-0.16685513420330622
13.399999999999968,26.107499999999966,21.39426956650016,16.65063163050771,11.830619047999127,1.4900000000000033,1.5483657042223749,1.661461246043831,1.7927840789249145,4.713230433499806,4.743637935992449,4.820012582508584,-0.2867695665001939,-0.25636206400755057,-0.17998741749141622
13.499999999999968,26.254999999999967,21.54720536345612,16.814591180457484,12.007946936141112,1.4750000000000034,1.5293579695595754,1.6395954994977369,1.773278881419857,4.7077946365438486,4.732614182998635,4.806644244316372,-0.29220536345615145,-0.2673858170013652,-0.19335575568362806
13.599999999999968,26.400999999999968,21.698245269838317,16.976331901082744,12.183238578449302,1.4600000000000035,1.510399063822002,1.6174072062526157,1.752916423081906,4.702754730161651,4.7219133687555725,4.7930933226334425,-0.2972452698383492,-0.27808663124442745,-0.20690667736655755
13.699999999999967,26.54549999999997,21.84739575736075,17.13582612341234,12.356411613636025,1.4450000000000036,1.4915048752243245,1.5949422232959451,1.731730351867235,4.698104242639218,4.711569633948411,4.7794145097763145,-0.3018957573607821,-0.288430366051589,-0.22058549022368545
13.799999999999967,26.68849999999997,21.994664727094584,17.293050695127103,12.52738741634306,1.4300000000000037,1.4726896973383397,1.572245717147636,1.7097580270703474,4.693835272905385,4.70161403196748,4.765663278784043,-0.3061647270946146,-0.2983859680325196,-0.23433672121595706
13.899999999999967,26.82999999999997,22.14006135561424,17.44798688884323,12.696091436964634,1.4150000000000038,1.453966285196542,1.5493619371612664,1.6870402062157326,4.68993864438573,4.692074466771011,4.751895451878594,-0.31006135561426973,-0.30792553322898897,-0.2481045481214057
13.999999999999966,26.96999999999997,22.28359594707425,17.600620289677494,12.862453508693164,1.400000000000004,1.4353459146001055,1.5263340083426389,1.663620717285305,4.68640405292572,4.6829756573967565,4.738166780984329,-0.31359594707427974,-0.3170243426032435,-0.2618332190156707
14.099999999999966,27.10849999999997,22.42527979148209,17.7509406640488,13.026408120655075,1.385000000000004,1.4168384440783834,1.503203743713074,1.6395461196191081,4.683220208517881,4.674339127433289,4.724532543393726,-0.3167797914821193,-0.3256608725667114,-0.2754674566062736
14.199999999999966,27.24549999999997,22.565125029379892,17.898941811660197,13.187894656326707,1.370000000000004,1.3984523789780072,1.4800114761139633,1.6148653567163118,4.680374970620079,4.666183217719695,4.711047155333491,-0.319625029379921,-0.3338167822803051,-0.2889528446665093
14.299999999999965,27.380999999999972,22.70314452309897,18.044621402583104,13.346857596730187,1.3550000000000042,1.380194937190771,1.4567959092290717,1.5896294040347985,4.6778554769010015,4.658523120515866,4.697763805852917,-0.32214452309899855,-0.34147687948413363,-0.302236194147083
14.399999999999965,27.514999999999972,22.839351734705026,18.187980801332284,13.503246688204486,1.3400000000000043,1.3620721160605596,1.433593987491801,1.5638909147429862,4.675648265294946,4.651370933372743,4.6847341131277975,-0.3243517347050542,-0.34862906662725734,-0.31526588687220247
14.499999999999964,27.647499999999972,22.97376061070907,18.329024879776878,13.657017074826415,1.3250000000000044,1.3440887600404625,1.4104407844459388,1.5377038662192812,4.673739389290901,4.644735730932194,4.6720078049504625,-0.32626061070909884,-0.3552642690678063,-0.32799219504953747
14.599999999999964,27.778499999999973,23.106385473579248,18.467761820680888,13.80812939581891,1.3100000000000045,1.326248628701771,1.3873694090401103,1.511123209924937,4.6721145264207244,4.63862365289836,4.659632424861979,-0.32788547357927555,-0.3613763471016398,-0.3403675751380213
14.699999999999964,27.907999999999973,23.237240920051914,18.604202913606684,13.956549848528635,1.2950000000000046,1.3085544647266658,1.3644109292579611,1.4842045270972497,4.670759079948059,4.633038006445229,4.64765306507805,-0.32924092005194083,-0.36696199355477077,-0.35234693492195035
14.799999999999963,28.035999999999973,23.366341726206507,18.738362344848458,14.102250217781036,1.2800000000000047,1.2910080615459358,1.341594312417719,1.457003692524009,4.669658273793466,4.627979381358049,4.636112127067422,-0.3303417262065338,-0.372020618641951,-0.36388787293257785
14.899999999999963,28.162499999999973,23.4937027592377,18.870256982990046,14.245207872627923,1.2650000000000048,1.2736103303119346,1.3189463814158788,1.429576548468877,4.668797240762274,4.623445776247653,4.625049110362124,-0.33120275923772624,-0.37655422375234693,-0.3749508896378764
14.999999999999963,28.287499999999973,23.619338895830207,18.99990616160404,14.385405731690197,1.2500000000000049,1.2563613659250938,1.2964917861399459,1.4019785906227433,4.668161104169766,4.619432734226166,4.614500429913845,-0.3318388958302343,-0.38056726577383415,-0.38549957008615543
15.099999999999962,28.412499999999973,23.743264947016165,19.127331460527447,14.522832198466178,1.2500000000000049,1.239260511859575,1.274252989234066,1.3742646677598118,4.669235052983808,4.615933486488718,4.604499262061269,-0.33076494701619197,-0.3840665135112822,-0.39550073793873075
15.199999999999962,28.537499999999973,23.865623089372164,19.2525564870643,14.657481068124259,1.2500000000000049,1.2235814235599998,1.2522502653685426,1.3464886965808156,4.671876910627809,4.613066602307864,4.595075418940041,-0.32812308937219115,-0.3869333976921361,-0.40492458105995865
15.299999999999962,28.662499999999973,23.986551964892822,19.375617495878224,14.789351407427343,1.2500000000000049,1.2092887552065905,1.2306100881392523,1.3187033930308358,4.675948035107151,4.610934469014598,4.586266088450881,-0.32405196489284904,-0.38906553098540186,-0.4137339115491194
15.399999999999961,28.787499999999973,24.106186270547365,19.49656260637376,14.918448330733549,1.2500000000000049,1.1963430565454212,1.2094511049553693,1.2909692330620532,4.681313729452608,4.609623664173604,4.578114275640212,-0.31868627054739207,-0.39037633582639586,-0.4218857243597878
15.499999999999961,28.912499999999973,24.224656400396807,19.615450970802886,15.0447836803931,1.2500000000000049,1.1847012984944183,1.1888836442912536,1.263353496595529,4.687843599603166,4.609205429593921,4.570667290409785,-0.3121564003968338,-0.39079457040607934,-0.42933270959021463
15.59999999999996,29.037499999999973,24.342088137856308,19.732351903613605,15.168376607686268,1.2500000000000049,1.1743173745950235,1.1690093281072027,1.2359292729316764,4.695411862143665,4.609736234242703,4.563975295927337,-0.3045881378563351,-0.3902637657572967,-0.436024704072663
15.69999999999996,29.162499999999973,24.458602395629768,19.84734398196744,15.289254051900476,1.2500000000000049,1.1651425777346052,1.1499207835383636,1.2087744421420854,4.703897604370205,4.611258413662327,4.558089930066965,-0.296102395629795,-0.3887415863376731,-0.4419100699330354
15.79999999999996,29.287499999999973,24.574315000803203,19.96051412674316,15.40745111649619,1.2500000000000049,1.1571260517343473,1.1317014477571792,1.181970645957136,4.71318499919677,4.613800874060043,4.553063010246969,-0.2868150008032302,-0.38619912593995664,-0.44693698975303064
15.89999999999996,29.412499999999973,24.689336522558747,20.071956672720994,15.52301134255754,1.2500000000000049,1.1502152175554385,1.1144254597783547,1.155602260613488,4.723163477441226,4.617379849837754,4.548945330163454,-0.27683652255877433,-0.3826201501622464,-0.4510546698365463
15.99999999999996,29.537499999999973,24.803772139961055,20.181772436010235,15.635986880863024,1.2500000000000049,1.1443561740230652,1.0981576328924092,1.12975538305485,4.733727860038918,4.62199970395082,4.54578555514721,-0.2662721399610817,-0.37800029604917995,-0.4542144448527896
16.09999999999996,29.662499999999973,24.91772154727137,20.290067786148274,15.746438564942945,1.2500000000000049,1.1394940731031664,1.0829535013804026,1.1045168407992152,4.744778452728603,4.627653761123096,4.543629221205329,-0.2552215472713968,-0.3723462388769043,-0.45637077879467114
16.19999999999996,29.787499999999973,25.031278894260502,20.39695372966571,15.854435888413542,1.2500000000000049,1.1355734698913436,1.0688594351743785,1.0799732347059767,4.7562211057394705,4.634325164594792,4.5425178412521685,-0.24377889426052946,-0.3656748354052084,-0.4574821587478315
16.29999999999996,29.912499999999973,25.144532759019203,20.502545011283857,15.960056890694148,1.2500000000000049,1.13253864758701,1.0559128161814753,1.0562100228060574,4.76796724098077,4.641987747735346,4.542488120589709,-0.23203275901922993,-0.35801225226465405,-0.4575118794102906
16.399999999999963,30.037499999999973,25.257566150802113,20.606959238291925,16.063387955924703,1.2500000000000049,1.130333917829088,1.0441422700806853,1.0333106523055762,4.77993384919786,4.650606912510188,4.543571282367221,-0.22006615080213976,-0.3493930874898119,-0.4564287176327788
16.499999999999964,30.162499999999973,25.370456540488377,20.71031603304453,16.1645235305093,1.2500000000000049,1.1289038968626544,1.0335679475260668,1.011355745845946,4.792043459511596,4.660140507443845,4.545792502535232,-0.20795654048840362,-0.33985949255615466,-0.4542074974647683
16.599999999999966,30.287499999999973,25.4832759162973,20.81273621792905,16.26356576522001,1.2500000000000049,1.1281937580892223,1.024201848845186,0.9904223471071172,4.804224083702675,4.670539698368248,4.549170452709038,-0.19577591629732538,-0.32946030163175166,-0.4508295472909616
16.699999999999967,30.412499999999973,25.59609086246002,20.914341036579362,16.360624088208173,1.2500000000000049,1.1281494616272185,1.0160481865031215,0.9705832298816146,4.816409137539953,4.681749825880658,4.553716948371189,-0.18359086246004708,-0.318250174119342,-0.44628305162881077
16.79999999999997,30.537499999999973,25.708962658617423,21.01525141456007,16.455814715591163,1.2500000000000049,1.128717961574039,1.009103779807082,0.9519062738298946,4.82853734138255,4.693711244057354,4.559436698968906,-0.17146265861745036,-0.3062887559426457,-0.4405633010310943
16.89999999999997,30.662499999999973,25.82194739778915,21.1155872622152,16.549260106516815,1.2500000000000049,1.1298473917172438,1.0033584765513064,0.9344539092565148,4.840552602210824,4.706360135573949,4.566327155698385,-0.15944739778917594,-0.2936398644260514,-0.4336728443016149
16.99999999999997,30.787499999999973,25.93509612083819,21.21546682186953,16.641088369759316,1.2500000000000049,1.1314872304904058,0.9987955965432788,0.9182826324250174,4.852403879161784,4.719629298968659,4.5743784521102135,-0.14759612083821594,-0.280370701031341,-0.42562154788978646
17.099999999999973,30.912499999999973,26.048454965439117,21.31500606109028,16.731432628975316,1.2500000000000049,1.133588446009263,0.9953923922074819,0.903442592159989,4.864045034560856,4.733448904348837,4.583573432114964,-0.13595496543914365,-0.2665510956511632,-0.4164265678850363
17.199999999999974,31.037499999999973,26.162065327644772,21.414318113263185,16.82043035375227,1.2500000000000049,1.136103622056565,0.9931205217290662,0.8899772477695367,4.875434672355201,4.747747214381587,4.593887759510917,-0.12456532764479888,-0.25225278561841336,-0.4061122404890831
17.299999999999976,31.162499999999973,26.275964034235752,21.51351276631062,16.90822266351845,1.2500000000000049,1.1389870659098003,0.9919465304743454,0.8779230976618448,4.886535965764221,4.762451267925133,4.605290102792168,-0.11346403423577911,-0.23754873207486682,-0.3947098972078322
17.399999999999977,31.287499999999973,26.390183524128275,21.612695999981163,16.994953611261096,1.2500000000000049,1.1421948989252277,0.9918323367054385,0.8673094774264533,4.897316475871698,4.777487524147112,4.6177423887200675,-0.1026835241283024,-0.2225124758528878,-0.3822576112799325
17.49999999999998,31.412499999999973,26.504752037208753,21.7119695717702,17.080769453821574,1.2500000000000049,1.1456851308047948,0.9927357178903772,0.8581584256047754,4.90774796279122,4.7927824654385525,4.631200117948627,-0.09225203720878028,-0.20721753456144754,-0.3687998820513734
17.59999999999998,31.537499999999973,26.619693809056752,21.811430651189745,17.16581791531008,1.2500000000000049,1.1494177184799725,0.9946107941954582,0.8504846148850549,4.917806190943221,4.808263157867007,4.645612735879666,-0.08219380905677909,-0.19173684213299325,-0.3543872641203336
17.69999999999998,31.662499999999973,26.735029270111625,21.911171501792904,17.250247449912465,1.2500000000000049,1.1533546105487362,0.9974085060315696,0.8442953460238705,4.9274707298883484,4.823857768318721,4.660924051880439,-0.07252927011165156,-0.17614223168127907,-0.3390759481195609
17.799999999999983,31.787499999999973,26.85077524793155,22.01127921007379,17.334206510054315,1.2500000000000049,1.157459778199255,1.001077082808879,0.8395906014185084,4.936724752068422,4.83949603785776,4.677072700019476,-0.06327524793157835,-0.16050396214223994,-0.32292729998052394
17.899999999999984,31.912499999999973,26.966945171286223,22.11183546010709,17.417842825547385,1.2500000000000049,1.1616992335467362,1.005562500332997,0.8363631549307119,4.94555482871375,4.855109711179132,4.693992634559706,-0.05444517128625037,-0.14489028882086785,-0.30600736544029417
17.999999999999986,32.03749999999997,27.08354927491609,22.212916352561997,17.501302698976474,1.2500000000000049,1.1660410362986853,1.0108089245490528,0.83459873429088,4.953950725083882,4.870632922354094,4.711613653585523,-0.04604927491611832,-0.12936707764590594,-0.2883863464144767
18.099999999999987,32.16249999999997,27.20059480388099,22.31459226652267,17.584730322195554,1.2500000000000049,1.1704552896489848,1.0167591396067281,0.83427623219081,4.961905196118984,4.886002537358319,4.729861944327116,-0.03809480388101605,-0.11399746264168087,-0.2701380556728843
18.19999999999999,32.28749999999997,27.31808621650929,22.416927762370474,17.668267118395597,1.2500000000000049,1.1749141262830156,1.0233549584780246,0.8353679620004393,4.969413783490683,4.901158454138816,4.748660643974876,-0.0305862165093167,-0.09884154586118399,-0.2513393560251238
18.29999999999999,32.41249999999997,27.43602538504478,22.51998152383141,17.752051113787335,1.2500000000000049,1.179391685354909,1.0305376146093648,0.83783995391739,4.976474614955194,4.9160438612133674,4.767930410044077,-0.023525385044806058,-0.08395613878663255,-0.2320695899559233
18.39999999999999,32.53749999999997,27.554411793172207,22.62380633716438,17.83621634251483,1.2500000000000049,1.1838640812742762,1.0382481333296767,0.8416522872749518,4.983088206827766,4.930605456007829,4.787589994649547,-0.016911793172234013,-0.06939454399217126,-0.21241000535045274
18.499999999999993,32.66249999999997,27.67324272968358,22.72844910536094,17.92089228798401,1.2500000000000049,1.1883093651137229,1.0464276819656362,0.8467594546918071,4.9892572703163935,4.944793624322639,4.8075568173769305,-0.010742729683606456,-0.05520637567736131,-0.19244318262306948
18.599999999999994,32.78749999999997,27.792513477625626,22.8339508951443,18.006203363358267,1.2500000000000049,1.192707479420445,1.055017897833615,0.85311075374256,4.994986522374347,4.958562582481324,4.827747531786034,-0.00501347762565274,-0.0414374175186758,-0.17225246821396567
18.699999999999996,32.91249999999997,27.91221749834418,22.940347014492765,18.09226843354418,1.2500000000000049,1.1970402071855273,1.0639611934846278,0.860650701859146,5.000282501655793,4.971870483851415,4.8480785809485845,0.0002825016557927995,-0.028129516148585054,-0.15192141905141554
18.799999999999997,33.03749999999997,28.032346609913528,23.047667118370093,18.179200380567842,1.2500000000000049,1.2012911156934751,1.0732010387732704,0.8693194702366138,5.005153390086445,4.984679491543435,4.868466737802251,0.005153390086444887,-0.015320508456564852,-0.13153326219774897
18.9,33.16249999999997,28.15289115950776,23.1559353403205,18.26710571382881,1.2500000000000049,1.2054454959423198,1.0826822195040586,0.8790533326096589,5.009608840492213,4.99695581918726,4.888829626491692,0.009608840492212778,-0.0030441808127399383,-0.11117037350830827
19.0,33.28749999999997,28.273840189336916,23.26517044757835,18.35608422631739,1.2500000000000049,1.2094902982915452,1.0923510725784826,0.8897851248857954,5.013659810663057,5.008669741758567,4.90908622126096,0.013659810663057215,0.008669741758566829,-0.09091377873903994
19.1,33.41249999999997,28.395181595833055,23.375386017350696,18.446228697493815,1.2500000000000049,1.213414064961375,1.102155697723456,0.9014447117642584,5.017318404166918,5.019795578482359,4.9291573198568805,0.0173184041669181,0.019795578482359133,-0.07084268014311945
19.200000000000003,33.53749999999997,28.516902281830337,23.486590631953355,18.537624643157198,1.2500000000000049,1.2172068599728112,1.1120461460266073,0.9139594566338383,5.020597718169636,5.030311649876982,4.948965988796157,0.02059771816963618,0.03031164987698176,-0.051034011203842766
19.300000000000004,33.66249999999997,28.638988301538685,23.59878809051697,18.630350112279704,1.2500000000000049,1.2208601970834685,1.1219745856361527,0.9272546912250677,5.023511698461288,5.040200211021716,4.968437978237265,0.023511698461287978,0.040200211021716115,-0.031562021762734815
19.400000000000006,33.78749999999997,28.76142499816267,23.71197763502727,18.724475530448686,1.2500000000000049,1.2243669662398557,1.1318954451030239,0.9412541816898177,5.026075001837302,5.0494473631354,4.987502104578585,0.02607500183730238,0.04944736313539977,-0.012497895421414995
19.500000000000007,33.91249999999997,28.884197134065925,23.826154188522345,18.820063589247866,1.2500000000000049,1.2277213590325329,1.1417655349507405,0.9558805879918034,5.028302865934048,5.05804294554358,5.006090599274479,0.02830286593404807,0.058042945543579805,0.0060905992744793025
19.60000000000001,34.03749999999997,29.00728901342659,23.94130860333779,18.91716918061909,1.2500000000000049,1.230918793606633,1.1515441481544628,0.9710559137122423,5.030210986573383,5.065980410088798,5.024139422718701,0.03021098657338328,0.06598041008879818,0.024139422718700843
19.70000000000001,34.16249999999997,29.130684597371268,24.0574279173673,19.015839374979446,1.2500000000000049,1.233955839446772,1.1611931402950764,0.986701943603555,5.031815402628705,5.0732566800039685,5.041588542387853,0.031815402628705414,0.07325668000396846,0.04158854238785281
19.80000000000001,34.28749999999997,29.254367611613514,24.17449561639004,19.116113441625274,1.2500000000000049,1.236830142422466,1.1706769902274103,1.0027406664582694,5.033132388386459,5.079871995223474,5.058382174764766,0.033132388386459155,0.0798719952234741,0.05838217476476615
19.900000000000013,34.41249999999997,29.378321646658314,24.292491900606457,19.218022909735076,1.2500000000000049,1.239540350447992,1.1799628421641886,1.019094681098039,5.034178353341659,5.085829746051857,5.074468990871381,0.03417835334165886,0.08582974605185711,0.07446899087138092
20.000000000000014,34.53749999999997,29.502530250666236,24.411393953619406,19.321591668087766,1.2500000000000049,1.242086040079236,1.1890205301294856,1.0356875835269,5.034969749333737,5.09113629704683,5.08980228553164,0.034969749333736644,0.09113629704683035,0.08980228553163982
20.100000000000016,34.66249999999997,29.626977015100195,24.531176212197188,19.426836101440934,1.2500000000000049,1.2444676443395843,1.197822585777807,1.0524443335316889,5.035522984899778,5.095800802903007,5.1043401107562545,0.03552298489977801,0.09580080290300685,0.10434011075625449
20.200000000000017,34.78749999999997,29.751645653303935,24.651810635257977,19.533765261365854,1.2500000000000049,1.2466863820374068,1.2063442306078995,1.0692915992491911,5.035854346696038,5.099835018045958,5.118045373892123,0.03585434669603771,0.09983501804595818,0.118045373892123
20.30000000000002,34.91249999999997,29.876520072184857,24.773266970620433,19.642381069211105,1.2500000000000049,1.2487441888092166,1.214563353624558,1.086158078452494,5.0359799278151165,5.103253101564423,5.130885901409329,0.0359799278151165,0.10325310156442313,0.13088590140932865
20.40000000000002,35.03749999999997,30.00158443719438,24.89551301817219,19.752678548764777,1.2500000000000049,1.2506436500952354,1.2224604755175517,1.1029747955367255,5.035915562805592,5.106071419022193,5.142834469407411,0.035915562805591605,0.10607141902219297,0.1428344694074113
20.50000000000002,35.16249999999997,30.12682323081717,25.018514888215677,19.864646086105335,1.2500000000000049,1.2523879362278965,1.230018700434876,1.1196753734055622,5.035676769182803,5.108308342601493,5.153868802110342,0.03567676918280327,0.10830834260149302,0.15386880211034182
20.600000000000023,35.28749999999997,30.252221304796052,25.142237253858514,19.978265714072677,1.2500000000000049,1.2539807397888052,1.2372236564283923,1.1361962796734244,5.035278695203921,5.109984050937538,5.1639715397858375,0.03527869520392102,0.1099840509375376,0.16397153978583745
20.700000000000024,35.41249999999997,30.37776392633264,25.266643596422924,20.093513418752988,1.2500000000000049,1.2554262153658973,1.244063425644102,1.1524770468031138,5.034736073667332,5.111120329909717,5.173130177669936,0.034736073667332334,0.11112032990971699,0.1731301776699361
20.800000000000026,35.53749999999997,30.50343681851464,25.391696442954657,20.210359465352376,1.2500000000000049,1.2567289218199924,1.2505284653173316,1.1684604659938898,5.034063181485333,5.111740375559982,5.181336977602282,0.03406318148533316,0.1117403755599824,0.18133697760228173
20.900000000000027,35.66249999999997,30.629226195229506,25.51735759501621,20.328768740834363,1.2500000000000049,1.25789376714866,1.2566115206155437,1.1840927548198792,5.033273804770467,5.111868600213295,5.188588854181848,0.0332738047704666,0.11186860021329537,0.18858885418184812
21.00000000000003,35.78749999999997,30.755118790831034,25.643588348051097,20.448701110713625,1.2500000000000049,1.258925956015291,1.2623075303488578,1.1993236987926248,5.032381209168939,5.111530442779937,5.194887237337472,0.03238120916893905,0.11153044277993729,0.19488723733747193
21.10000000000003,35.91249999999997,30.881101884830287,25.770349700705214,20.570111787432026,1.2500000000000049,1.2598309399925152,1.2676135265411692,1.2141067671839971,5.0313981151696865,5.110752184125072,5.200237913273188,0.03139811516968649,0.11075218412507226,0.20023791327318818
21.20000000000003,36.03749999999997,31.007163321885447,25.897602553587568,20.69295170779165,1.2500000000000049,1.2606143705515986,1.2725285288235304,1.2283992035962303,5.0303366781145264,5.109560768297879,5.204650845795918,0.03033667811452645,0.10956076829787875,0.20465084579591775
21.300000000000033,36.16249999999997,31.133291527366765,26.025307897045234,20.817167916982072,1.2500000000000049,1.2612820548131976,1.2770534345766698,1.2421620919042102,5.029208472633208,5.107983630321531,5.208139980063162,0.029208472633207805,0.10798363032153091,0.20813998006316226
21.400000000000034,36.28749999999997,31.259475518772746,26.153426987616402,20.94270395681419,1.2500000000000049,1.2618399140598024,1.2811909057116686,1.2553603983211652,5.028024481227227,5.106048531156343,5.210723030802214,0.028024481227227227,0.10604853115634327,0.21072303080221388
21.500000000000036,36.41249999999997,31.385704913272384,26.281921512910134,21.06950025585944,1.2500000000000049,1.26229394499638,1.2849452529373364,1.2679629904525163,5.026795086727589,5.10378340036225,5.212421257050693,0.02679508672758857,0.10378340036224998,0.2124212570506927
21.600000000000037,36.53749999999997,31.51196993164569,26.410753744742152,21.197494519289826,1.2500000000000049,1.2626501837330493,1.2883223183201724,1.2799426343038365,5.025530068354282,5.101216186903539,5.213259225452326,0.025530068354282065,0.10121618690353884,0.213259225452326
21.70000000000004,36.66249999999997,31.638261398890904,26.53988668043199,21.3266221163196,1.2500000000000049,1.2629146724521199,1.2913293568983795,1.2912759702977596,5.024238601109069,5.098374718458913,5.213264564112389,0.024238601109068725,0.09837471845891343,0.21326456411238937
21.80000000000004,36.78749999999997,31.764570741762046,26.66928417223855,21.456816463262744,1.2500000000000049,1.2630934287114042,1.2939749180656244,1.3019434694314287,5.022929258237927,5.095286569523495,5.212467708975808,0.022929258237926575,0.09528656952349479,0.21246770897580802
21.90000000000004,36.91249999999997,31.890889983494684,26.7989110449779,21.58800940033984,1.2500000000000049,1.2631924173263887,1.2962687273934614,1.3119293707709547,5.021610016505289,5.091978938516785,5.21090164463806,0.0216100165052886,0.09197893851678529,0.21090164463806005
22.000000000000043,37.03749999999997,32.01721173597124,26.928733201929294,21.720131560493105,1.2500000000000049,1.2632175247655424,1.298221569513935,1.3212216015326583,5.020288264028736,5.088478534041943,5.208601641436189,0.020288264028735625,0.08847853404194339,0.2086016414361893
22.100000000000044,37.16249999999997,32.14352918956981,27.05871771919291,21.853112728597402,1.2500000000000049,1.2631745359857363,1.2998451726361608,1.3298116810429699,5.018970810430162,5.084811470376902,5.205604990595507,0.018970810430161578,0.08481147037690207,0.20560499059550708
22.200000000000045,37.28749999999997,32.26983610093265,27.188832928715208,21.986882189587423,1.2500000000000049,1.2630691136283858,1.301152095222972,1.3376946099002005,5.017663899067323,5.081003172217443,5.201950739127785,0.017663899067322575,0.08100317221744291,0.20195073912778483
22.300000000000047,37.41249999999997,32.3961267788818,27.319048490245834,22.121369064155665,1.2500000000000049,1.2629067794914814,1.3021556153062772,1.3448687456824115,5.016373221118172,5.077078288635967,5.197679426090168,0.01637322111817241,0.07707828863596689,0.19767942609016842
22.40000000000005,37.53749999999997,32.52239606870061,27.449335452533123,22.256502630811347,1.2500000000000049,1.2626928981880718,1.302869622872892,1.3513356665568292,5.015103931299365,5.073060616167485,5.192832821721776,0.015103931299364604,0.07306061616748494,0.19283282172177607
22.50000000000005,37.66249999999997,32.648639334990406,27.57966630410377,22.39221263322617,1.2500000000000049,1.2624326628979947,1.3033085157064805,1.357100024148203,5.013860665009567,5.068973030886635,5.187453670877602,0.01386066500956673,0.0689730308866352,0.187453670877602
22.60000000000005,37.78749999999997,32.774852443302066,27.710015014006384,22.528429571927845,1.2500000000000049,1.262131083116634,1.3034870990261334,1.3621693870167453,5.012647556697907,5.064837429295682,5.181585442078539,0.012647556697906737,0.06483742929568237,0.18158544207853922
22.700000000000053,37.91249999999997,32.901031740732286,27.8403570629282,22.665084979535987,1.2500000000000049,1.261792974302199,1.3034204892181576,1.3665540760814232,5.011468259267687,5.060674677804087,5.175272083392212,0.011468259267687131,0.060674677804087196,0.1752720833922119
22.800000000000054,38.03749999999997,33.02717403566443,27.970669465119705,22.802111678866183,1.2500000000000049,1.2614229493214077,1.3031240219150853,1.3702669933019727,5.010325964335543,5.056504570544725,5.168557786253523,0.010325964335542892,0.056504570544724686,0.16855778625352258
22.900000000000055,38.16249999999997,33.15327657682368,28.100930781583187,22.939444023356554,1.2500000000000049,1.2610254115924726,1.3026131646348273,1.3733234449036977,5.009223423176294,5.052345795240491,5.1614867582266335,0.009223423176294432,0.0523457952404911,0.1614867582266335
23.000000000000057,38.28749999999997,33.279337031806065,28.231121124998534,23.077018119395905,1.2500000000000049,1.2606045498238898,1.3019034341534634,1.3757409603935198,5.008162968193908,5.048215906807531,5.154103005602629,0.008162968193907716,0.048215906807531184,0.15410300560262868
23.10000000000006,38.41249999999997,33.40535346523083,28.361222156873282,23.21477203025335,1.2500000000000049,1.2601643342476745,1.3010103187474742,1.3775391085744466,5.0071465347691415,5.044131308357549,5.146450126619932,0.00714653476914151,0.044131308357549415,0.14645012661993206
23.20000000000006,38.53749999999997,33.531324316655464,28.49121707741382,23.352645961425278,1.2500000000000049,1.259708514246318,1.2999492054053676,1.3787393117192854,5.006175683344509,5.040107239241646,5.13857111598854,0.006175683344508798,0.04010723924164594,0.13857111598854033
23.30000000000006,38.66249999999997,33.657248378382846,28.62109060862129,23.490582427326636,1.2500000000000049,1.2592406172738384,1.298735312074726,1.379364659013599,5.005251621617127,5.036157769761555,5.130508181294655,0.005251621617127,0.03615776976155516,0.1305081812946547
23.400000000000063,38.78749999999997,33.78312477328012,28.750828971119166,23.628526399358957,1.2500000000000049,1.258763948972788,1.2973836249787327,1.379439720323222,5.004375226719851,5.032295802160956,5.122302571760208,0.004375226719851355,0.032295802160955844,0.12230257176020842
23.500000000000064,38.91249999999997,33.90895293271922,28.880419855219795,23.766425435487324,1.2500000000000049,1.258281594390958,1.2959088410063049,1.3789903612836734,5.003547067280756,5.0285330774994215,5.113994419732471,0.0035470672807562664,0.028533077499421466,0.11399441973247093
23.600000000000065,39.03749999999997,34.034732574739586,29.009852386735,23.904229791552137,1.2500000000000049,1.2577964202037195,1.2943253151520482,1.3780435606481074,5.002767425260387,5.024880188004584,5.105622595182865,0.002767425260387313,0.024880188004583914,0.1056225951828651
23.700000000000067,39.16249999999997,34.16046368252463,29.13911708803064,24.041892514628895,1.2500000000000049,1.2573110778504417,1.2926470129564112,1.376627230767566,5.002036317475344,5.021346594493988,5.097224573401746,0.0020363174753441626,0.02134659449398768,0.09722457340174628
23.800000000000068,39.28749999999997,34.286146483274244,29.268205834817905,24.17936951883017,1.2500000000000049,1.256828007496174,1.290887467872633,1.3747700420127609,5.001353516725729,5.017940648456339,5.088836315987734,0.0013535167257288094,0.017940648456338693,0.08883631598773434
23.90000000000007,39.41249999999997,34.411781427547524,29.39711180916444,24.316619644018264,1.2500000000000049,1.2563494427327668,1.2890597434653333,1.3725012518809374,5.000718572452449,5.014669618383085,5.080492165146175,0.0007185724524489956,0.014669618383084781,0.08049216514617541
24.00000000000007,39.53749999999997,34.5373691691412,29.525829449197026,24.453604697964764,1.2500000000000049,1.2558774159367683,1.287176400325882,1.3698505394649978,5.000130830858772,5.0115397199441745,5.0722247512322625,0.00013083085877241274,0.011539719944174465,0.07222475123226246
24.100000000000072,39.66249999999997,34.66291054556168,29.654354395954222,24.59028948255431,1.2500000000000049,1.2554137642047658,1.2852494675719617,1.3668478458954816,4.9995894544382935,5.0085561496074575,5.0640649133999105,-0.00041054556170649903,0.008556149607457542,0.0640649133999105
24.200000000000074,39.78749999999997,34.78840655914071,29.782683437832517,24.72664180468427,1.2500000000000049,1.2549601357902995,1.2832904187829588,1.3635232212995956,4.999093440859262,5.005723121308193,5.056041633148247,-0.0009065591407377838,0.005723121308193413,0.05604163314824717
24.300000000000075,39.91249999999997,34.913858358837714,29.910814453053412,24.862632472559838,1.2500000000000049,1.254517996970039,1.2813101522089558,1.359906678755677,4.9986416411622585,5.003043905784303,5.048181980493574,-0.0013583588377414912,0.0030439057843025807,0.04818198049357392
24.400000000000077,40.03749999999997,35.03926722276477,30.03874635056132,24.9982352781255,1.2500000000000049,1.2540886392705493,1.2793189750790577,1.356028055656618,4.998232777235202,5.000520872203452,5.0405110724358195,-0.0017672227647977934,0.0005208722034524271,0.04051107243581953
24.500000000000078,40.16249999999997,35.16463454146384,30.166479009743774,25.13342696640872,1.2500000000000049,1.2536731869906659,1.2773265918245496,1.3519168828322041,4.997865458536133,4.998155531720066,5.033052043335054,-0.0021345414638673788,-0.0018444682799341194,0.03305204333505429
24.60000000000008,40.28749999999997,35.28996180195966,30.29401321934616,25.268187192580555,1.2500000000000049,1.2532726049582197,1.2753420960238422,1.3476022617183445,4.99753819804031,4.995948582613504,5.025826026765603,-0.0024618019596900353,-0.004051417386495615,0.025826026765603416
24.70000000000008,40.41249999999997,35.41525057260602,30.421350615933086,25.40249846756066,1.2500000000000049,1.252887706463578,1.2733739658692675,1.3431127498010644,4.997249427393953,4.993899956672934,5.018852148372424,-0.0027505726060468305,-0.006100043327066373,0.018852148372424438
24.800000000000082,40.53749999999997,35.54050248873764,30.548493622228133,25.536346093011176,1.2500000000000049,1.2525191613161897,1.2714300629504591,1.3384762545051418,4.996997511262336,4.992008866509504,5.012147529216957,-0.0030024887376640663,-0.007991133490495628,0.012147529216957054
24.900000000000084,40.66249999999997,35.665719239135036,30.675445385642654,25.669718086575337,1.2500000000000049,1.2521675039740117,1.2695176341451928,1.3337199356416152,4.996780760864937,4.990273853492383,5.005727299067317,-0.0032192391350633898,-0.009726146507617273,0.005727299067316949
25.000000000000085,40.78749999999997,35.79090255330497,30.802209717283265,25.802605098222863,1.2500000000000049,1.251833141699338,1.2676433164061174,1.3288701164752672,4.996597446695006,4.988692836021702,4.999604619060403,-0.0034025533049941714,-0.011307163978298007,-0.0003953809395973451
25.100000000000087,40.91249999999997,35.91605418957478,30.928791031706332,25.935000318565137,1.2500000000000049,1.2515163626981416,1.2658131442306602,1.3239522034227553,4.996445810425193,4.987263157868448,4.993790713141195,-0.0035541895748067986,-0.01273684213155235,-0.006209286858805285
25.200000000000088,41.03749999999997,36.041175923995134,31.05519428766648,26.066899379999583,1.2500000000000049,1.2512173442035504,1.264032559601481,1.3189906143444474,4.996324076004839,4.985981636328653,4.988294907666898,-0.0036759239951607015,-0.014018363671347345,-0.01170509233310213
25.30000000000009,41.16249999999997,36.16626954004188,31.18142493008509,26.19830025153442,1.2500000000000049,1.2509361604675087,1.262306424186079,1.314008715348355,4.996230459958092,4.984844609956792,4.98312467855067,-0.003769540041908215,-0.015155390043208428,-0.016875321449330016
25.40000000000009,41.28749999999997,36.291336819104686,31.307488833443735,26.32920312813271,1.2500000000000049,1.2506727906280128,1.260639033586433,1.3090287659829065,4.996163180895287,4.983847985660951,4.978285705311023,-0.0038368191047126743,-0.016152014339049003,-0.021714294688976565
25.500000000000092,41.41249999999997,36.41637953174694,31.433392246787015,26.459610315398386,1.2500000000000049,1.2504271264225366,1.259034133432807,1.3040718726567397,4.996120468253032,4.9829872849599255,4.973781931388629,-0.003879531746967757,-0.01701271504007451,-0.02621806861137088
25.600000000000094,41.53749999999997,36.54139942971908,31.55914174049901,26.589526110407213,1.2500000000000049,1.2501989797213857,1.2574949371199817,1.2991579500882566,4.996100570280895,4.9822576892200665,4.969615630091798,-0.003899429719105285,-0.01774231077993349,-0.03038436990820159
25.700000000000095,41.66249999999997,36.66639823870485,31.684744154997922,26.718956679462753,1.2500000000000049,1.24998808985772,1.2560241449890974,1.2943056905553845,4.996101761295122,4.981654083706928,4.965787475535169,-0.003898238704877599,-0.018345916293071696,-0.03421252446483081
25.800000000000097,41.78749999999997,36.791377651778234,31.810206551474316,26.847909933531437,1.2500000000000049,1.249794130733859,1.2546239647639337,1.2895325406868399,4.996122348221739,4.981171100303918,4.962296617942879,-0.0038776517782608266,-0.018828899696082146,-0.03770338205712065
25.900000000000098,41.91249999999997,36.91633932354686,31.93553616477999,26.976395402082453,1.2500000000000049,1.2496167176862376,1.2532961330567236,1.2848546855101513,4.9961606764531155,4.980803158766868,4.959140762697537,-0.0038393235468845432,-0.019196841233132034,-0.040859237302463214
26.0000000000001,42.03749999999997,37.04128486495626,32.06074035855653,27.104424106027327,1.2500000000000049,1.2494554140939949,1.2520419377654282,1.2802870394487538,4.9962151350437125,4.980544506399731,4.956316252529202,-0.0037848649562874925,-0.01945549360026888,-0.04368374747079784
26.1000000000001,42.16249999999997,37.16621583872813,32.1858265826757,27.23200843042138,1.2500000000000049,1.2493097377186613,1.2508622411917,1.2758432439405478,4.996284161271845,4.980389256052426,4.953818152254321,-0.003715838728155063,-0.019610743947573894,-0.046181847745678795
26.200000000000102,42.28749999999997,37.2911337554046,32.31080233304735,27.359161997554715,1.2500000000000049,1.249179166764761,1.2497575037164783,1.271535671333356,4.996366244595372,4.980331422357253,4.951640335492634,-0.0036337554046284026,-0.01966857764274721,-0.04835966450736606
26.300000000000104,42.41249999999997,37.41604006996994,32.43567511383517,27.48589954102458,1.2500000000000049,1.249063145653349,1.2487278078782036,1.2673754346986377,4.996459930030035,4.980364956134771,4.949775572810587,-0.0035400699699650318,-0.01963504386522885,-0.05022442718941278
26.400000000000105,42.53749999999997,37.5409361790202,32.56045240210586,27.61223678134393,1.2500000000000049,1.2489610905025832,1.2477728827069539,1.2633724031935323,4.996563820979773,4.98048377691434,4.948215620761928,-0.0034361790202268594,-0.01951622308565959,-0.051784379238071665
26.500000000000107,42.66249999999997,37.66582341845134,32.685141614923495,27.7381903036032,1.2500000000000049,1.2488723943113655,1.2468921281763212,1.2595352225927023,4.996676581548634,4.980681803527844,4.946951311320294,-0.003323418451365967,-0.019318196472156046,-0.05304868867970569
26.600000000000108,42.78749999999997,37.790703061635725,32.809750078887845,27.863777437663742,1.2500000000000049,1.2487964318438884,1.246084639643517,1.2558713406054065,4.996796938364248,4.98095298274788,4.9459726412241025,-0.0032030616357516806,-0.019047017252120213,-0.05402735877589748
26.70000000000011,42.91249999999997,37.915576318057184,32.934285002103536,27.989016141322708,1.2500000000000049,1.2487325642145901,1.2453492321569408,1.2523870365896606,4.996923681942789,4.981291315953648,4.945268860780828,-0.0030763180572108695,-0.018708684046352175,-0.05473113921917161
26.80000000000011,43.03749999999997,38.04044433237464,33.05875344855546,28.113924886850118,1.2500000000000049,1.2486801431745627,1.2446844645192352,1.2490874552740845,4.997055667625332,4.981690883819184,4.944828561705339,-0.002944332374667624,-0.01830911618081643,-0.055171438294660646
26.900000000000112,43.16249999999997,38.165308183884825,33.18316231485572,28.238522551260015,1.2500000000000049,1.2486385151018646,1.2440886630026207,1.2459766440989635,4.997191816115148,4.982145869029104,4.944639763595706,-0.0028081838848521556,-0.017854130970896165,-0.05536023640429377
27.000000000000114,43.28749999999997,38.29016888635477,33.30751830931792,28.36282831063912,1.2500000000000049,1.2486070246994732,1.2435599446220154,1.2430575937910413,4.9973311136452025,4.98265057703685,4.9446899986788,-0.0026688863547974506,-0.01734942296315012,-0.055310001321199564
27.100000000000115,43.41249999999997,38.41502738819535,33.431827933305925,28.486861538818268,1.2500000000000049,1.2485850184057758,1.2430962398800545,1.2403322817914593,4.997472611804625,4.983199454889423,4.944966394487658,-0.0025273881953751243,-0.016800545110577048,-0.055033605512342376
27.200000000000117,43.53749999999997,38.539884572947706,33.556097464796586,28.61064171063456,1.2500000000000049,1.2485718475235454,1.2426953149065834,1.2378017181629297,4.997615427052267,4.98378710815112,4.945455754162026,-0.002384572947732977,-0.016212891848880417,-0.054544245837973904
27.300000000000118,43.66249999999997,38.66474126005513,33.68033294408894,28.734188309995613,1.2500000000000049,1.2485668710742754,1.2423547929234964,1.2354659936105232,4.997758739944842,4.984408315966192,4.946144634093326,-0.002241260055157568,-0.015591684033807951,-0.05385536590667428
27.40000000000012,43.78749999999997,38.78959820589369,33.804540161586324,28.857520742921636,1.2500000000000049,1.248569458385576,1.2420721749738683,1.2333243292602274,4.9979017941062835,4.985058044307365,4.947019418664688,-0.002098205893716454,-0.014941955692634679,-0.05298058133531214
27.50000000000012,43.91249999999997,38.9144561050357,33.928724647572544,28.980658255706693,1.2500000000000049,1.2485789914200445,1.2418448598621732,1.2313751278505531,4.998043894964276,4.985731457463153,4.948066391865851,-0.001956105035723965,-0.014268542536846951,-0.05193360813414927
27.600000000000122,44.03749999999997,39.03931559172116,34.05289166389854,29.10361985830717,1.2500000000000049,1.2485948668546551,1.2416701632599605,1.2296160260047753,4.99818440827881,4.986423927822621,4.949271805591373,-0.0018155917211899464,-0.013576072177379217,-0.0507281944086273
27.700000000000124,44.16249999999997,39.16417724151319,34.17704619749241,29.226424253033645,1.2500000000000049,1.2486164979202237,1.241545335938667,1.2280439472647586,4.998322758486786,4.987131044020778,4.950621944458764,-0.0016772415132138008,-0.012868955979222108,-0.04937805554123642
27.800000000000125,44.28749999999997,39.28904157311428,34.30119295560223,29.349089768591806,1.2500000000000049,1.2486433160109456,1.2414675810982305,1.2266551555816094,4.998458426885691,4.98784861751205,4.952103187010426,-0.001541573114309358,-0.012151382487950002,-0.047896812989574045
27.900000000000126,44.41249999999997,39.41390905032172,34.42533636267892,29.471634299489153,1.2500000000000049,1.248674772074355,1.2414340707668503,1.2254453089734605,4.998590949678253,4.988572687642801,4.953702063189766,-0.0014090503217474293,-0.011427312357199071,-0.046297936810233864
28.000000000000128,44.53749999999997,39.53878008410095,34.54948055880428,29.594075250796795,1.2500000000000049,1.2487103377923197,1.2414419612535907,1.2244095130764199,4.998719915899024,4.989299525296673,4.955405308007482,-0.001280084100976353,-0.010700474703327245,-0.04459469199251842
28.10000000000013,44.66249999999997,39.66365503475734,34.673629399568426,29.716429488229892,1.2500000000000049,1.2487495065638856,1.2414884076415227,1.2235423743309677,4.9988449652426326,4.990025635188914,4.9571999113385345,-0.0011550347573674458,-0.009974364811085934,-0.04280008866146545
28.20000000000013,44.78749999999997,39.78853421418743,34.7977864572999,29.838713293486165,1.2500000000000049,1.2487917943009068,1.2415705773147574,1.222838052562739,4.998965785812544,4.990747756887529,4.959073163813734,-0.001034214187455973,-0.009252243112470637,-0.0409268361862658
28.300000000000132,44.91249999999997,39.91341788819218,34.9219550235517,29.960942324759525,1.2500000000000049,1.2488367400474618,1.241685662518026,1.2222903127335871,4.999082111807795,4.991462864640475,4.961012698792178,-0.0009178881922053961,-0.008537135359524939,-0.0389873012078219
28.400000000000134,45.03749999999997,40.038306278835584,35.046138112746945,30.08313158232512,1.2500000000000049,1.248883906434055,1.2418308919524046,1.221892575655951,4.999193721164389,4.992168166088639,4.963006530421826,-0.0008062788356113515,-0.007831833911360775,-0.0369934695781744
28.500000000000135,45.16249999999997,40.16319956683334,35.17033846688848,30.205295379073196,1.2500000000000049,1.2489328799775503,1.2420035414153685,1.2216379674807587,4.999300433166631,4.992861099944861,4.965043087815285,-0.0006995668333686922,-0.007138900055139175,-0.03495691218471464
28.600000000000136,45.28749999999997,40.28809789395711,35.29455856123824,30.327447315851824,1.2500000000000049,1.2489832712376783,1.242200943497586,1.2215193677862917,4.999402106042865,4.993539332718868,4.967111245386416,-0.0005978939571349429,-0.00646066728113226,-0.03288875461358387
28.700000000000138,45.41249999999997,40.41300136544119,35.41880061087351,30.449600261463075,1.2500000000000049,1.2490347148408076,1.2424204963527368,1.221529456112516,4.999498634558783,4.994200754567679,4.9692003494104355,-0.0005013654412167057,-0.005799245432321243,-0.030799650589564465
28.80000000000014,45.53749999999997,40.53791005237934,35.543066578029524,30.571766337143302,1.2500000000000049,1.2490868693814825,1.2426596715601663,1.2216607568022555,4.999589947620635,4.994843474349814,4.971300240886222,-0.000410052379365311,-0.0051565256501859835,-0.028699759113777645
28.90000000000014,45.66249999999997,40.662823994100535,35.667358180139864,30.69395690534602,1.2500000000000049,1.249139417211996,1.2429160211033623,1.2219056820271994,4.999676005899438,4.995465813960671,4.973401274793844,-0.00032399410056171973,-0.004534186039329313,-0.02659872520615636
29.000000000000142,45.78749999999997,40.78774320051354,35.79167689848887,30.81618256263532,1.2500000000000049,1.2491920641300087,1.2431871834900865,1.2222565728929846,4.999756799486434,4.996066302024666,4.975494335853554,-0.0002432005135659665,-0.003933697975334383,-0.024505664146445838
29.100000000000144,45.91249999999997,40.91266765441093,35.916023987393125,30.93845313648866,1.2500000000000049,1.2492445389739302,1.2434708890425135,1.2227057385334306,4.999832345589041,4.996643667017807,4.977570850904463,-0.00016765441095856204,-0.0033563329821930665,-0.022429149095536616
29.200000000000145,46.03749999999997,41.037597313724476,36.04040048383192,31.0607776858006,1.2500000000000049,1.2492965931354683,1.2437649643879172,1.2232454931193804,4.999902686275497,4.997196829892559,4.979622798031318,-9.731372450261233e-05,-0.002803170107441133,-0.020377201968681646
29.300000000000146,46.16249999999997,41.16253211372432,36.164807217450154,31.183164504872842,1.2500000000000049,1.249347999998406,1.244067336182349,1.2238681907224291,4.999967886275655,4.997724896274164,4.981642712577312,-3.2113724344640104e-05,-0.0022751037258359474,-0.018357287422688273
29.400000000000148,46.28749999999997,41.28747196915555,36.28924482086029,31.30562113067165,1.2500000000000049,1.2493985543123167,1.244376034101342,1.2245662579880883,5.000028030844426,4.998227148295257,4.98362369018864,2.8030844426041313e-05,-0.0017728517047430614,-0.016376309811359846
29.50000000000015,46.41249999999997,41.4124167763065,36.41371374017359,31.428154353130306,1.2500000000000049,1.249448071509553,1.2446891931329827,1.2253322245865805,5.000083223693473,4.998703036132909,4.985559387043285,8.322369347268932e-05,-0.0012969638670909944,-0.01444061295671517
29.60000000000015,46.53749999999997,41.537366415003845,36.53821424569457,31.55077022827255,1.2500000000000049,1.2494963869734628,1.2450050552097538,1.226158751422457,5.000133584996128,4.999152169309276,4.987444017422018,0.0001335849961279223,-0.0008478306907235833,-0.012555982577982405
29.700000000000152,46.66249999999997,41.662320750530384,36.6627464427162,31.673474093932207,1.2500000000000049,1.2495433552653925,1.2453219702163143,1.2270386565965417,5.000179249469589,4.999574307814186,4.989272348783992,0.0001792494695891378,-0.00042569218581434143,-0.010727651216008383
29.800000000000153,46.78749999999997,41.78727963546215,36.787310282357296,31.796270587844738,1.2500000000000049,1.249588849317641,1.2456383964109499,1.2279649391253231,5.0002203645378245,4.999969353104852,4.991039694512558,0.00022036453782448007,-3.064689514786778e-05,-0.008960305487441644
29.900000000000155,46.91249999999997,41.91224291142206,36.91190557238717,31.919163667888117,1.2500000000000049,1.2496327595991215,1.2459529002987277,1.228930800433801,5.000257088577911,5.000337339034893,4.992741904499052,0.0002570885779107357,0.0003373390348926364,-0.007258095500947803
30.000000000000156,47.03749999999997,42.037210410748074,37.03653198798662,32.04215663425291,1.2500000000000049,1.2496749932600877,1.2462641559945038,1.2299296636479478,5.000289589251899,5.000678422761453,4.994375353733709,0.0002895892518992582,0.0006784227614531346,-0.005624646266291222
30.100000000000158,47.16249999999997,42.162181958074264,37.161189082398,32.16525215332515,1.2500000000000049,1.249715473261876,1.246570944113823,1.2309551907223577,5.000318041925709,5.0009928756762605,4.995936929072855,0.0003180419257091671,0.0009928756762604962,-0.004063070927145418
30.20000000000016,47.28749999999997,42.28715737182399,37.28587629742095,32.28845228306988,1.2500000000000049,1.2497541374972119,1.2468721502294804,1.2320012974473176,5.000342628175986,5.001281074403039,4.997424014351068,0.00034262817598573747,0.0012810744030389287,-0.002575985648931578
30.30000000000016,47.41249999999997,42.41213646561461,37.41059297371405,32.411758499708625,1.2500000000000049,1.2497909379062346,1.2471667629310508,1.233062166387444,5.0003635343853645,5.001543491900556,4.998834474005427,0.00036353438536451677,0.0015434919005556935,-0.001165525994572647
30.400000000000162,47.53749999999997,42.53711904957391,37.53533836086646,32.53517172548975,1.2500000000000049,1.2498258395930044,1.2474538715240933,1.234132257811204,5.000380950426063,5.0017806887074485,5.000166635376715,0.0003809504260630092,0.001780688707448519,0.00016663537671490758
30.500000000000163,47.66249999999997,42.6621049315686,37.66011162720696,32.65869235735745,1.2500000000000049,1.2498588199468676,1.2477326634049786,1.2352063186770708,5.000395068431374,5.0019933043616405,5.001419269849507,0.0003950684313736019,0.001993304361640469,0.001419269849506577
30.600000000000165,47.78749999999997,42.78709391834587,37.7849118693216,32.78232029633223,1.2500000000000049,1.2498898677726873,1.2480024211464118,1.2362793897477786,5.000406081654106,5.00218204902427,5.002591572989367,0.0004060816541056056,0.002182049024270327,0.0025915729893668527
30.700000000000166,47.91249999999997,42.912085816589226,37.90973812125437,32.906054977423146,1.2500000000000049,1.249918982433578,1.2482625193277272,1.2373468109091377,5.000414183410747,5.002347695334855,5.003683143831225,0.0004141834107471709,0.0023476953348549046,0.003683143831224811
30.800000000000168,48.03749999999997,43.03708043389017,38.03458936336867,33.02989539990057,1.2500000000000049,1.2499461730094295,1.2485124211429381,1.238404224774186,5.000419566109805,5.002491070521501,5.0046939634681,0.0004195661098052028,0.00249107052150066,0.004693963468099582
30.90000000000017,48.16249999999997,43.16207757963758,38.1594645308505,33.153840157766275,1.2500000000000049,1.2499714574741658,1.2487516748183325,1.239447578657091,5.000422420362391,5.002613048787083,5.005624373084224,0.00042242036239059644,0.0026130487870830166,0.0056243730842240325
31.00000000000017,48.28749999999997,43.28707706582702,38.284362521837515,33.2778874702667,1.2500000000000049,1.2499948618943524,1.2489799098701533,1.2404731250042016,5.000422934172953,5.002714543989505,5.006475051570817,0.00042293417295269364,0.0027145439895051027,0.006475051570816959
31.100000000000172,48.41249999999997,43.41207870779217,38.40928220516067,33.4020352123039,1.2500000000000049,1.2500164196514523,1.2491968332315644,1.2414774203720185,5.000421292207804,5.002796502631497,5.007246992856771,0.00042129220780395826,0.002796502631497333,0.007246992856771328
31.200000000000173,48.53749999999997,43.53708232486114,38.53422242768834,33.52628094460826,1.2500000000000049,1.2500361706897267,1.2494022252767303,1.2424573230436207,5.000417675138834,5.002859897172797,5.0079414830800815,0.00041767513883428364,0.002859897172797332,0.007941483080081468
31.300000000000175,48.66249999999997,43.66208774094029,38.65918202126518,33.650621943545886,1.2500000000000049,1.2500541607914908,1.2495959357684099,1.2434099893762736,5.0004122590596864,5.0029057196751054,5.008560077719295,0.0004122590596864484,0.002905719675105445,0.008560077719295123
31.400000000000176,48.78749999999997,43.7870947850284,38.784159809240585,33.77505523044325,1.2500000000000049,1.2500704408811563,1.2497778797540116,1.2443328689736093,5.000405214971572,5.0029349757878165,5.009104578797334,0.0004052149715718656,0.0029349757878165406,0.009104578797334284
31.500000000000178,48.91249999999997,43.91210329166432,38.90915461258394,33.89957760032084,1.2500000000000049,1.2500850663592427,1.249948033433574,1.2452236987759082,5.00039670833565,5.002948679080383,5.009577012263101,0.00039670833564997565,0.0029486790803829876,0.009577012263100926
31.60000000000018,49.03749999999997,44.03711310131105,39.0341652555861,34.02418564993701,1.2500000000000049,1.250098096467286,1.2501064300216467,1.2460804961616765,5.000386898688923,5.002947845724947,5.009979605649093,0.0003868986889230541,0.0029478457249467738,0.00997960564909306
31.70000000000018,49.16249999999997,44.16212406067949,39.15919057114846,34.148875805052306,1.2500000000000049,1.2501095936843498,1.2502531556235452,1.2469015511529287,5.0003759393204845,5.002933489531031,5.010314766096151,0.0003759393204845196,0.0029334895310313414,0.010314766096151118
31.800000000000182,49.28749999999997,44.28713602299505,39.284229405662956,34.27364434683385,1.2500000000000049,1.2501196231556264,1.250388345144961,1.2476854178153856,5.000363977004923,5.002906617332094,5.010585058829108,0.0003639770049232993,0.0029066173320941857,0.010585058829107652
31.900000000000183,49.41249999999997,44.41214884821039,39.4092806234882,34.39848743732817,1.2500000000000049,1.250128252153423,1.2505121782524191,1.248430904943207,5.00035115178958,5.002868224722192,5.010793186160029,0.0003511517895802285,0.0028682247221922808,0.010793186160029222
32.000000000000185,49.53749999999997,44.53716240316746,39.534343111028264,34.523401143939765,1.2500000000000049,1.2501355495706286,1.250624875400609,1.2491370661159453,5.000337596832516,5.002819292139193,5.010941967088499,0.0003375968325158851,0.002819292139193408,0.010941967088498927
32.100000000000186,49.66249999999997,44.662176561712116,39.65941578042238,34.64838146286108,1.2500000000000049,1.2501415854466045,1.2507266939411703,1.2498031892131434,5.000323438287857,5.002760781289737,5.011034317561297,0.0003234382878574138,0.002760781289737224,0.011034317561296803
32.20000000000019,49.78749999999997,44.78719120476464,39.78449757285499,34.773424341408024,1.2500000000000049,1.2501464305252694,1.250817924326092,1.2504287854694505,5.000308795235334,5.002693631909651,5.011073231446964,0.0003087952353340029,0.0026936319096506622,0.011073231446964371
32.30000000000019,49.91249999999997,44.91220622034914,39.90958746149674,34.89852569922306,1.2500000000000049,1.250150155845015,1.2508988864175088,1.25101357815033,5.000293779650832,5.0026187588524,5.011061762273684,0.0002937796508319934,0.002618758852399594,0.01106176227368394
32.40000000000019,50.03749999999997,45.03722150358514,40.03468445408817,35.0236814483156,1.2500000000000049,1.2501528323599558,1.2509699259143292,1.2515574909253886,5.000278496414836,5.002537049496965,5.011003005772572,0.00027849641483612686,0.0025370494969649826,0.011003005772572294
32.50000000000019,50.16249999999997,45.16223695664433,40.159787595178656,35.14888751191691,1.2500000000000049,1.2501545305919015,1.2510314109048275,1.2520606360131326,5.000263043355645,5.002449361465672,5.010900083261745,0.00026304335564475423,0.002449361465671984,0.010900083261745408
32.60000000000019,50.28749999999997,45.28725248867556,40.284895968033965,35.274139842133664,1.2500000000000049,1.2501553203123321,1.251083728553077,1.2525233021675555,5.00024751132441,5.002356520641598,5.010756125900301,0.0002475113244102545,0.002356520641598081,0.010756125900300617
32.700000000000195,50.41249999999997,45.41226801570092,40.410008696226555,35.399434436391005,1.2500000000000049,1.2501552702535665,1.2511272819258972,1.2529459425734122,5.000231984299056,5.002259319474362,5.0105742598355505,0.00023198429905590956,0.002259319474362087,0.010574259835550492
32.800000000000196,50.53749999999997,45.53728346048574,40.53512494492314,35.524767352662344,1.2500000000000049,1.2501544478482345,1.2511624869658289,1.2533291627133885,5.000216539514234,5.0021585155625985,5.010357592260796,0.00021653951423417084,0.0021585155625984953,0.010357592260795911
32.9000000000002,50.66249999999997,45.66229875238535,40.66024392188459,35.650134723489,1.2500000000000049,1.2501529189960878,1.2511897696145513,1.2536737082666234,5.000201247614626,5.002054830500754,5.01010919839559,0.0002012476146262543,0.0020548305007537238,0.010109198395589658
33.0000000000002,50.78749999999997,45.78731382717106,40.785364878193604,35.77553276879843,1.2500000000000049,1.2501507478571325,1.2512095630901119,1.2539804530942371,5.000186172828911,5.001948948977457,5.009832109395177,0.00018617282891142395,0.0019489489774571211,0.009832109395176758
33.1000000000002,50.91249999999997,45.91232862683806,40.91048710872564,35.900957807534795,1.2500000000000049,1.250147996670008,1.2512223053203464,1.254250387363666,5.000171373161912,5.001841518112421,5.009529301190845,0.0001713731619119585,0.00184151811242117,0.009529301190845274
33.2000000000002,51.03749999999997,46.03734309939751,41.03560995237903,36.026406268120766,1.2500000000000049,1.2501447255945033,1.2512284365339403,1.2544846058597425,5.000156900602462,5.001733147018477,5.009203684258267,0.00015690060246242865,0.0017331470184771547,0.00920368425826723
33.3000000000002,51.16249999999997,46.162357198655215,41.160732792080005,36.15187469777342,1.2500000000000049,1.2501409925770666,1.2512283970097093,1.2546842965265916,5.000142801344758,5.0016244065752105,5.008858094306582,0.00014280134475797013,0.0016244065752104575,0.008858094306582132
33.400000000000205,51.28749999999997,46.28737088397903,41.28585505457839,36.27735977070148,1.2500000000000049,1.2501368532381396,1.2512226249838585,1.2548507292805702,5.000129116020943,5.001515829400638,5.008495283876911,0.00012911602094334285,0.0015158294006383244,0.00849528387691123
33.500000000000206,51.41249999999997,46.41238412005704,41.41097621004982,36.40285829521455,1.2500000000000049,1.250132360780136,1.2512115547142328,1.2549852451306789,5.000115879942932,5.001407910007224,5.0081179148352675,0.00011587994293194015,0.0014079100072237338,0.00811791483526747
33.60000000000021,51.53749999999997,46.53739687664853,41.536095771519804,36.52836721977846,1.2500000000000049,1.250127565914872,1.2511956146998662,1.2550892456391265,5.000103123351444,5.001301105128725,5.007728551741344,0.00010312335144391227,0.0013011051287250552,0.007728551741344347
33.70000000000021,51.66249999999997,46.66240912832946,41.661213294125155,36.653883638053564,1.2500000000000049,1.250122516809255,1.251175226053503,1.255164182751053,5.0000908716705155,5.001195834204303,5.00732965607159,9.087167051546885e-05,0.0011958342043030257,0.007329656071590307
33.80000000000021,51.78749999999997,46.78742085423426,41.78632837422757,36.77940479295545,1.2500000000000049,1.2501172590480407,1.2511508010241783,1.2552115490188285,5.00007914576571,5.00109248000669,5.006923581272126,7.914576571010912e-05,0.0010924800066902662,0.006923581272126
33.90000000000021,51.91249999999997,46.91243203779551,41.91144064839421,36.90492807977973,1.2500000000000049,1.2501118356124834,1.251122741666422,1.2552328682428628,5.0000679622044615,5.0009913894013,5.0065125686144825,6.796220446148027e-05,0.0009913894012996138,0.006512568614482461
34.00000000000021,52.03749999999997,47.03744266648288,42.03654979225943,37.03045104843448,1.2500000000000049,1.2501062868737083,1.2510914386521719,1.2552296865474717,5.000057333517091,5.000892874223453,5.00609874382495,5.733351709125145e-05,0.0008928742234530773,0.006098743824949793
34.100000000000215,52.16249999999997,47.16245273154285,42.16165551928154,37.15597140482519,1.2500000000000049,1.2501006505996666,1.2510572702210674,1.255203563907095,5.0000472684571236,5.000797212261311,5.005684114456351,4.7268457123550434e-05,0.000797212261311131,0.005684114456350642
34.200000000000216,52.28749999999997,47.287462227740306,42.28675757940798,37.28148701143869,1.2500000000000049,1.2500949619745498,1.251020601264421,1.2551560661350305,5.000037772259667,5.000704648332324,5.005270567969291,3.777225966672404e-05,0.000704648332323643,0.005270567969290596
34.30000000000022,52.41249999999997,47.41247115310326,42.41185575766177,37.406995887173075,1.2500000000000049,1.2500892536295696,1.2509817825378475,1.2550887573438463,5.000028846896711,5.000615395441493,5.004859870488694,2.8846896711343106e-05,0.0006153954414926943,0.004859870488694185
34.40000000000022,52.53749999999997,47.537479508671666,42.536949872661495,37.53249620646145,1.2500000000000049,1.25008355568404,1.25094114999726,1.255003192883801,5.000020491328307,5.000529636010171,5.0044536662000425,2.0491328307059575e-05,0.0005296360101709752,0.004453666200042505
34.50000000000022,52.66249999999997,47.662487298251236,42.66203977508677,37.65798629773774,1.2500000000000049,1.2500778957957326,1.250899024252711,1.2549009127628798,5.000012701748737,5.000447523164468,5.004053477349025,1.2701748737242724e-05,0.0004475231644676114,0.004053477349025059
34.60000000000022,52.78749999999997,47.787494528173184,42.787125346100204,37.783464641292696,1.2500000000000049,1.2500722992195112,1.250855710134376,1.2547834355495175,5.000005471826789,5.00036918207298,5.003660704807508,5.471826789005263e-06,0.0003691820729798678,0.0036607048075083526
34.70000000000022,52.91249999999997,47.912501207060515,42.91220649573669,37.908929866568364,1.2500000000000049,1.2500667888732901,1.2508114963648358,1.2546522527566817,4.999998792939458,5.000294711323825,5.003276629168326,-1.2070605421854452e-06,0.0002947113238249699,0.0032766291683259396
34.800000000000225,53.03749999999997,48.037507345601554,43.03728316126986,38.03438074893874,1.2500000000000049,1.2500613854104001,1.2507666553317034,1.2545088237037503,4.999992654398419,5.000224184331692,5.0029024123311245,-7.345601581221217e-06,0.0002241843316923564,0.0029024123311245376
34.900000000000226,53.16249999999997,48.162512956331305,43.16235530556532,38.15981620602379,1.2500000000000049,1.2500561072974894,1.2507214429545837,1.2543545708505428,4.999987043668668,5.000157650765985,5.002539099541529,-1.2956331332247828e-05,0.0001576507659848403,0.0025390995415293105
35.00000000000023,53.28749999999997,48.28751805342102,43.28742291542935,38.28523529358338,1.2500000000000049,1.250050970897124,1.2506760986403154,1.2541908755959426,4.999981946578956,5.000095137991664,5.0021876218459695,-1.8053421044328388e-05,9.513799166427361e-05,0.002187621845969545
35.10000000000023,53.41249999999997,48.41252265247645,43.4124859999614,38.410637201036565,1.2500000000000049,1.2500459905543022,1.2506308453204433,1.254019074531791,4.999977347523526,5.00003665251505,5.001848798924833,-2.2652476474149807e-05,3.6652515049695467e-05,0.0018487989248328063
35.20000000000023,53.53749999999997,48.53752677034506,43.53754458891789,38.53602124665068,1.2500000000000049,1.2500411786861347,1.2505858895649045,1.2538404561411247,4.999973229654913,4.999982181427171,5.0015233422672125,-2.6770345087356873e-05,-1.7818572828787183e-05,0.001523342267212513
35.30000000000023,53.66249999999997,48.66253042493246,43.662598731094484,38.661386872443515,1.2500000000000049,1.25003654587399,1.2505414217659614,1.2536562579283876,4.99996957506751,4.999931693837979,5.001211858650969,-3.0424932489836465e-05,-6.830616202080364e-05,0.0012118586509686224
35.40000000000023,53.78749999999997,48.787533635028204,43.78764849273313,38.78673363884031,1.2500000000000049,1.2500321009574467,1.2504976163865027,1.253467663967942,4.999966364971769,4.999885142295071,5.000914853892823,-3.363502823106046e-05,-0.00011485770492924985,0.0009148538928229755
35.500000000000234,53.91249999999997,48.91253642014115,43.912693955959824,38.91206121912592,1.2500000000000049,1.2500278511294398,1.2504546322669317,1.253275802856068,4.999963579858822,4.999842464181327,5.000632736833907,-3.642014117843928e-05,-0.00015753581867272715,0.0006327368339071882
35.600000000000236,54.03749999999997,49.03753880034436,44.03773521725832,39.03736939373098,1.2500000000000049,1.250023802032026,1.2504126129849986,1.2530817460506325,4.9999611996556155,4.999803583086035,5.000365823527346,-3.88003443845264e-05,-0.00019641691396543592,0.0003658235273462651
35.70000000000024,54.16249999999997,49.16254079612958,44.16277238598463,39.162658044389154,1.2500000000000049,1.250019957852245,1.2503716872630626,1.2528865065817492,4.9999592038703895,4.999768410144952,5.000114341595477,-4.079612961049861e-05,-0.00023158985504778684,0.00011434159547718536
35.80000000000024,54.28749999999997,49.287542428271344,44.287805582926374,39.28792714820076,1.2500000000000049,1.2500163214175852,1.2503319694174448,1.252691038116028,4.999957571728629,4.9997368453449695,4.999878434725616,-4.242827137090899e-05,-0.000263154655030462,-0.00012156527438378362
35.90000000000024,54.41249999999997,49.4125437177004,44.41283493891085,39.4131767716364,1.2500000000000049,1.2500128942906104,1.2502935598447045,1.2524962343564223,4.999956282299571,4.999708778789554,4.999658167274447,-4.371770042865819e-05,-0.0002912212104462242,-0.00034183272555310396
36.00000000000024,54.53749999999997,49.537544685386635,44.537860593464835,39.53840706451232,1.2500000000000049,1.2500096768623405,1.2502565455398547,1.2523029287592073,4.999955314613338,4.9996840919218,4.999453528952515,-4.4685386662024484e-05,-0.00031590807819981137,-0.0005464710474853973
36.10000000000024,54.66249999999997,49.662545352231035,44.662882693529006,39.66361825396725,1.2500000000000049,1.2500066684440205,1.2502210006417436,1.2521118945492848,4.999954647768938,4.999662658702029,4.999264439561756,-4.53522310621679e-05,-0.0003373412979712498,-0.0007355604382439651
36.200000000000244,54.78749999999997,49.78754573896673,44.78790139222911,39.788810638468725,1.2500000000000049,1.2500038673569462,1.2501869870010272,1.2519238450147694,4.9999542610332455,4.999644346737618,4.999090753760385,-4.5738966754527155e-05,-0.0003556532623818498,-0.0009092462396154133
36.300000000000246,54.91249999999997,49.91254586606873,44.912916847705745,39.91398458187489,1.2500000000000049,1.2500012710200532,1.2501545547663815,1.2517394340616892,4.99995413393124,4.999629018362988,4.998932265830852,-4.586606875989219e-05,-0.00037098163701188014,-0.0010677341691476272
36.40000000000025,55.03749999999997,50.037545753672234,45.03792922200423,40.03914050757585,1.2500000000000049,1.2499988760350114,1.2501237429848246,1.2515592570096072,4.999954246327739,4.9996165316680035,4.998788714428379,-4.5753672260673284e-05,-0.0003834683319965393,-0.0012112855716210902
36.50000000000025,55.16249999999997,50.1625454214991,45.162938680025455,40.16427889273675,1.2500000000000049,1.2499966782685978,1.2500945802122398,1.2513838516090436,4.999954578500876,4.999606741473642,4.998659787288702,-4.542149912367677e-05,-0.00039325852635840874,-0.0013402127112982498
36.60000000000025,55.28749999999997,50.28754488879231,45.287945388538496,40.28940026266293,1.2500000000000049,1.2499946729321543,1.2500670851304305,1.2512136992617344,4.999955111207662,4.999599500253815,4.998545125875566,-4.4888792338326766e-05,-0.00040049974618483475,-0.0014548741244340135
36.70000000000025,55.41249999999997,50.41254417425811,45.41294951525522,40.41450518530543,1.2500000000000049,1.2499928546579655,1.2500412671672592,1.2510492264250084,4.999955825741864,4.999594659002888,4.998444329949791,-4.417425813585396e-05,-0.00040534099711209137,-0.001555670050208846
36.80000000000025,55.53749999999997,50.53754329601535,45.537951227966886,40.53959426592362,1.2500000000000049,1.249991217572422,1.25001712711666,1.250890806181878,4.999956703984623,4.9995920680484645,4.9983569620432675,-4.3296015377336516e-05,-0.00040793195153554507,-0.0016430379567324849
36.900000000000254,55.66249999999997,50.662542271551935,45.66295069374244,40.6646681419195,1.2500000000000049,1.2499897553658597,1.2499946577555443,1.250738759958824,4.999957728448038,4.999591577809497,4.998282551822939,-4.227155196190324e-05,-0.0004084221905031882,-0.0017174481770609873
37.000000000000256,55.78749999999997,50.78754111768784,45.787948078187924,40.78972747785687,1.2500000000000049,1.249988461358993,1.2499738444548443,1.2505933593737086,4.999958882312136,4.9995930394999135,4.998220600331052,-4.111768786430048e-05,-0.000406960500086484,-0.0017793996689476899
37.10000000000026,55.91249999999997,50.91253985054443,45.912943544766144,40.914772960676544,1.2500000000000049,1.249987328565881,1.2499546657821718,1.250454828196752,4.999960149455546,4.999596305778283,4.9981705840896,-3.9850544453656767e-05,-0.0004036942217169326,-0.0018294159104002006
37.20000000000026,56.03749999999997,51.03753848551977,46.037937254175525,41.03980529511735,1.2500000000000049,1.249986349753388,1.2499370940937826,1.2503233444080657,4.999961514480205,4.9996012313442435,4.998131959058178,-3.848551979501735e-05,-0.00039876865575649845,-0.0018680409418223576
37.30000000000026,56.16249999999997,51.16253703726948,46.1629293637869,41.16482519935093,1.2500000000000049,1.2499855174971277,1.2499210961137632,1.250199042335832,4.999962962730493,4.999607673482579,4.998104164435972,-3.703726950732289e-05,-0.0003923265174208268,-0.0018958355640279478
37.40000000000026,56.28749999999997,51.28753551969287,46.28792002713676,41.28983340083692,1.2500000000000049,1.2499848242338825,1.2499066334985613,1.250082014859865,4.999964480307106,4.99961549255611,4.998086626299838,-3.551969289361523e-05,-0.0003845074438899587,-0.001913373700162424
37.50000000000026,56.41249999999997,51.41253394592392,46.412909393475275,41.414830632403515,1.2500000000000049,1.2499842623105275,1.2498936633851925,1.2499723156659526,4.999966054076054,4.999624552448644,4.99807876107176,-3.394592394556639e-05,-0.0003754475513559896,-0.0019212389282401432
37.600000000000264,56.53749999999997,51.53753232832687,46.53789760736744,41.53981762855722,1.2500000000000049,1.2499838240294885,1.2498821389216515,1.2498699615370799,4.9999676716731045,4.999634720959428,4.9980799788102175,-3.232832689548104e-05,-0.0003652790405723749,-0.001920021189782517
37.700000000000266,56.66249999999997,51.66253067849595,46.66288480834527,41.66479512202406,1.2500000000000049,1.249983501690785,1.2498720097782499,1.2497749346683564,4.999969321504025,4.99964587015068,4.998089686321208,-3.067849597471195e-05,-0.0003541298493203726,-0.0019103136787919084
37.80000000000027,56.78749999999997,51.78752900725902,46.78787113060915,41.78976384052338,1.2500000000000049,1.2499832876307237,1.2498632226387867,1.2496871849932083,4.9999709927409555,4.99965787664987,4.99810729008577,-2.9007259044533384e-05,-0.00034212335012995254,-0.001892709914230295
37.90000000000027,56.91249999999997,51.912527324684746,46.91285670277621,41.914724503774295,1.2500000000000049,1.249983174257314,1.2498557216706352,1.249606632509143,4.999972675315227,4.999670621908535,4.998132199001915,-2.732468477262273e-05,-0.00032937809146460495,-0.00186780099808459
38.00000000000027,57.03749999999997,52.037525640092994,47.03784164767351,42.03967782073351,1.2500000000000049,1.2499831540824906,1.2498494489729963,1.249533169592158,4.999974359906979,4.9996839924194845,4.998163826940001,-2.5640093021195298e-05,-0.00031600758051553157,-0.0018361730599991688
38.10000000000027,57.16249999999997,52.16252396206812,47.16282608217378,42.16462448706247,1.2500000000000049,1.2499832197512406,1.2498443450027301,1.2494666632896252,4.999976037931852,4.999697879894342,4.998201595111311,-2.3962068148364324e-05,-0.00030212010565833225,-0.001798404888688765
38.20000000000027,57.28749999999997,52.2875222984749,47.287810117071515,42.289565182820695,1.2500000000000049,1.2499833640677342,1.249840348977328,1.249406957582239,4.999977701525076,4.999712181403382,4.99824493425082,-2.229847492429826e-05,-0.00028781859661819453,-0.0017550657491796073
38.300000000000274,57.41249999999997,52.41252065647675,47.41279385699699,42.414500570381335,1.2500000000000049,1.2499835800185697,1.2498373992547296,1.249353875606387,4.999979343523222,4.99972679947976,4.998293286615656,-2.0656476777958233e-05,-0.0002732005202403798,-0.0017067133843440274
38.400000000000276,57.53749999999997,52.53751904255608,47.537777400365975,42.53943129256424,1.2500000000000049,1.2499838607932456,1.2498354336898247,1.2493072218290373,4.999980957443896,4.999741642190102,4.998346107801737,-1.9042556104409414e-05,-0.0002583578098978023,-0.0016538921982629518
38.50000000000028,57.66249999999997,52.66251746253628,47.66276083936273,42.66435797098104,1.2500000000000049,1.2499841998019812,1.2498343899676034,1.2492667841679872,4.999982537463694,4.999756623173546,4.998402868381696,-1.7462536305856702e-05,-0.00024337682645381165,-0.001597131618304104
38.60000000000028,57.78749999999997,52.78751592160538,47.78774425995404,42.78928120458614,1.2500000000000049,1.2499845906910079,1.249834205913031,1.2492323360510413,4.99998407839459,4.999771661651344,4.9984630553679,-1.592160541008525e-05,-0.0002283383486556545,-0.001536944632100301
38.70000000000028,57.91249999999997,52.91251442434093,47.912727741931825,42.914201568426975,1.2500000000000049,1.2499850273554571,1.2498348197778364,1.2492036384083955,4.999985575659046,4.999786682409102,4.99852617350485,-1.442434095366707e-05,-0.00021331759089804336,-0.0014738264951503766
38.80000000000028,58.03749999999997,53.037512974735925,48.03771135898227,43.0391196125863,1.2500000000000049,1.2499855039499732,1.2498361705045011,1.2491804415931933,4.999987025264048,4.999801615753654,4.998591746395974,-1.2974735952298033e-05,-0.00019838424634599505,-0.0014082536040262994
38.90000000000028,58.16249999999997,53.16251157622564,48.16269517877905,43.16403586130889,1.2500000000000049,1.2499860148971782,1.2498381979678217,1.2491624872258966,4.999988423774333,4.999816397446587,4.998659317470164,-1.1576225666942719e-05,-0.00018360255341320908,-0.0013406825298361014
39.000000000000284,58.28749999999997,53.28751023171505,48.287679263098504,43.28895081230476,1.2500000000000049,1.249986554894121,1.2498408431944996,1.2491495099587588,4.9999897682849195,4.99983096861655,4.998728450793742,-1.0231715080522008e-05,-0.00016903138345014668,-0.0012715492062582712
39.100000000000286,58.41249999999997,53.41250894360674,48.41266366795463,43.41386493622049,1.2500000000000049,1.2499871189168377,1.2498440485612967,1.2491412391573051,4.999991056393235,4.999845275652106,4.998798731734141,-8.943606765399181e-06,-0.00015472434789387535,-0.0012012682658593121
39.20000000000029,58.53749999999997,53.53750771382905,48.53764844375187,43.53877867627013,1.2500000000000049,1.2499877022231527,1.2498477579723453,1.2491374004963316,4.999992286170922,4.999859270077181,4.998869767481743,-7.713829077715673e-06,-0.000140729922819105,-0.0011302325182569462
39.30000000000029,58.66249999999997,53.66250654386444,48.662633635453496,43.663692448016974,1.2500000000000049,1.249988300353847,1.249851917016269,1.2491377174684999,4.999993456135535,4.999872908410943,4.998941187436522,-6.543864465413662e-06,-0.00012709158905721551,-0.0010588125634782841
39.40000000000029,58.78749999999997,53.78750543477767,48.78761928276388,43.78860663929739,1.2500000000000049,1.2499889091323164,1.2498564731038224,1.2491419128041474,4.999994565222302,4.999886152013794,4.999012643466486,-5.434777698098969e-06,-0.00011384798620639458,-0.0009873565335141166
39.50000000000029,58.91249999999997,53.912504387243956,48.912605420322556,43.913521610277535,1.2500000000000049,1.2499895246628465,1.2498613755867916,1.2491497098014457,4.999995612756017,4.9998989669214,4.999083810045022,-4.387243983217104e-06,-0.00010103307860021005,-0.0009161899549781083
39.60000000000029,59.03749999999997,54.03750340157672,49.03759207790845,44.03843769363419,1.2500000000000049,1.24999014332762,1.249866575858946,1.2491608335665245,4.999996598423252,4.999911323668272,4.999154384274263,-3.4015767482742376e-06,-8.867633172826572e-05,-0.0008456157257370478
39.700000000000294,59.16249999999997,54.16250247775498,49.16257928065244,44.16335519485055,1.2500000000000049,1.2499907617825734,1.2498720274398536,1.2491750121636314,4.999997522244996,4.9999231971025395,4.999224085801885,-2.477755003837956e-06,-7.680289746048174e-05,-0.0007759141981154016
39.800000000000296,59.28749999999997,54.287501615450196,49.28756704925668,44.288274392618135,1.2500000000000049,1.2499913769522177,1.2498776860423981,1.2491919776758234,4.999998384549777,4.999934566193517,4.999292656638545,-1.6154502233689527e-06,-6.54338064833837e-05,-0.0007073433614550595
39.9000000000003,59.41249999999997,54.41250081405255,49.41255540021917,44.413195539335845,1.2500000000000049,1.2499919860235296,1.2498835096248595,1.2492114671770767,4.9999991859474235,4.99994541383338,4.999359860883324,-8.140525764588347e-07,-5.458616661968563e-05,-0.0006401391166761528
40.0000000000003,59.53749999999997,54.53750007269645,49.53754434606201,44.538118861697555,1.2500000000000049,1.2499925864390187,1.2498894584284221,1.2492332236170656,4.99999992730352,4.99995572663444,4.999425484364458,-7.269647994689876e-08,-4.4273365560343336e-05,-0.0005745156355416725
40.1000000000003,59.66249999999997,54.66249939028536,49.66253389556211,44.66304456135958,1.2500000000000049,1.2499931758890737,1.249895495000992,1.249256996620197,5.000000609714611,4.999965494723249,4.999489334202536,6.097146112438168e-07,-3.450527675141757e-05,-0.0005106657974636164
40.2000000000003,59.78749999999997,54.78749876551573,49.787524053982935,44.78797281567966,1.2500000000000049,1.2499937523036788,1.2499015842082009,1.2492825432007875,5.000001234484245,4.9999747115327935,4.999551238303276,1.2344842446054827e-06,-2.5288467206507903e-05,-0.0004487616967239205
40.3000000000003,59.91249999999997,54.91249819690009,49.91251482330618,44.912903778519315,1.2500000000000049,1.2499943138435972,1.2499076932324789,1.2493096283965444,5.0000018030998845,4.999983373593906,4.999611044786867,1.8030998845119939e-06,-1.662640609367827e-05,-0.0003889552131326468
40.400000000000304,60.03749999999997,55.0374976827892,50.03750620246229,45.03783758110159,1.2500000000000049,1.249994858891104,1.2499137915610636,1.2493380258227624,5.000002317210772,4.999991480326912,4.999668621360698,2.317210771707323e-06,-8.519673087903357e-06,-0.00033137863930221556
40.500000000000306,60.16249999999997,55.16249722139324,50.16249818755867,45.16277433291658,1.2500000000000049,1.2499953860403548,1.2499198509638125,1.2493675181498614,5.000002778606735,4.99999903383457,4.999723854642092,2.7786067349211407e-06,-9.661654303272371e-07,-0.0002761453579083195
40.60000000000031,60.28749999999997,55.28749681080198,50.28749077210483,45.28771412266728,1.2500000000000049,1.2499958940874636,1.2499258454616644,1.249397897507082,5.00000318919799,5.000006038697151,4.99977664943755,3.1891979901388368e-06,6.038697151211636e-06,-0.00022335056245026408
40.70000000000031,60.41249999999997,55.41249644900402,50.41248394723349,45.41265701924881,1.2500000000000049,1.2499963820203663,1.249931751286586,1.2494289658153261,5.000003550995956,5.000012501770527,4.999826927984678,3.5509959559476556e-06,1.250177052725121e-05,-0.00017307201532190675
40.80000000000031,60.53749999999997,55.537496133904874,50.53747770191687,45.53760307275404,1.2500000000000049,1.2499968490085351,1.2499375468338147,1.2494605350522607,5.000003866095099,5.000018431988003,4.999874629162832,3.866095099169797e-06,1.8431988003442257e-05,-0.00012537083716779307
40.90000000000031,60.66249999999997,55.662495863344134,50.66247202317759,45.66255231549933,1.2500000000000049,1.2499972943926076,1.2499432126071925,1.2494924274529267,5.000004136655839,5.000023840166541,4.999919707678259,4.136655839204195e-06,2.3840166541333474e-05,-8.029232174067147e-05
41.00000000000031,60.78749999999997,55.78749563511153,50.78746689629343,45.78750476306425,1.2500000000000049,1.2499977176739914,1.2499487311583528,1.2495244756491808,5.00000436488844,5.000028738818102,4.999962133229182,4.364888440022696e-06,2.8738818102169716e-05,-3.786677081762946e-05
41.100000000000314,60.91249999999997,55.912495446961984,50.91246230499548,45.91246041533939,1.2500000000000049,1.2499981185044944,1.249954087020509,1.2495565227513736,5.000004553037989,5.0000331419665045,5.00000188965609,4.553037989296627e-06,3.314196650450185e-05,1.889656090270364e-06
41.200000000000315,61.03749999999997,56.03749529662959,51.03745823165924,46.03741925757696,1.2500000000000049,1.2499984966760347,1.2499592666375532,1.249588422375709,5.0000047033703865,5.00003706497035,5.00003897408228,4.7033703864940435e-06,3.706497034983158e-05,3.8974082279708e-05
41.30000000000032,61.16249999999997,56.16249518184063,51.162454657488155,46.16238126143904,1.2500000000000049,1.2499988521104717,1.2499642582891493,1.2496200386207705,5.00000481815934,5.000040524352478,5.0000733960491175,4.81815933994767e-06,4.052435247814401e-05,7.33960491174912e-05
41.40000000000032,61.28749999999997,56.28749510032559,51.287451562689405,46.287346386038706,1.2500000000000049,1.2499991848496013,1.2499690520124789,1.2496512459966966,5.00000489967438,5.000043537636188,5.000105176650699,4.899674379998942e-06,4.353763618780704e-05,0.0001051766506989793
41.50000000000032,61.41249999999997,56.41249504983013,51.41244892664153,46.412314578969756,1.2500000000000049,1.2499994950453526,1.249973639521258,1.2496819293104942,5.000004950169846,5.000046123188596,5.000134347671775,4.950169845585606e-06,4.612318859642528e-05,0.00013434767177500362
41.60000000000032,61.53749999999997,56.53749502812515,51.537446728053794,46.537285777320854,1.2500000000000049,1.249999782950217,1.2499780141226153,1.249711983510944,5.000004971874823,5.000048300071356,5.0001609507329405,4.971874822956579e-06,4.830007135581127e-05,0.00016095073294053464
41.70000000000032,61.66249999999997,56.662495033015944,51.66244494511703,46.66225990867051,1.2500000000000049,1.2500000489079413,1.2499821706323913,1.2497413134965247,5.000004966984029,5.000050087898913,5.000185036446524,4.96698402940865e-06,5.0087898912920537e-05,0.00018503644652412277
41.800000000000324,61.78749999999997,56.787495062350395,51.78744355564597,46.787236892059475,1.2500000000000049,1.2500002933445078,1.2499861052893808,1.2497698338897203,5.000004937649578,5.000051506704423,5.000206663586496,4.9376495780961704e-06,5.150670442333194e-05,0.0002066635864963473
41.900000000000325,61.91249999999997,56.912495114026335,51.912442537212875,46.91221663893758,1.2500000000000049,1.2500005167594264,1.2499898156690121,1.249797468781018,5.000004885973638,5.000052576813459,5.000225898275296,4.885973638124597e-06,5.257681345938181e-05,0.00022589827529628792
42.00000000000033,62.03749999999997,57.03749518599807,52.03744186727257,47.03719905408216,1.2500000000000049,1.2500007197173546,1.2499933005969182,1.2498241514458224,5.000004814001905,5.000053318725499,5.000242813190411,4.814001904662746e-06,5.331872549874106e-05,0.00024281319041108418
42.10000000000033,62.16249999999997,57.16249527628207,52.16244152327885,47.162184036485904,1.2500000000000049,1.2500009028400618,1.249996560062828,1.2498498240374305,5.0000047237179,5.000053753003222,5.000257486792947,4.7237179003900565e-06,5.375300322185694e-05,0.0002574867929467928
42.20000000000033,62.28749999999997,57.28749538296195,52.28744148279237,47.28717148021182,1.2500000000000049,1.2500010667987522,1.249999595135168,1.2498744372591097,5.000004617038023,5.000053900169583,5.0002700025805495,4.61703802301372e-06,5.390016958273236e-05,0.0002700025805495443
42.30000000000033,62.41249999999997,57.41249550419263,52.41244172358004,47.41216127521364,1.2500000000000049,1.2500012123067537,1.2500024078767338,1.249897950018222,5.000004495807346,5.000053780612589,5.0002804483663965,4.495807345961111e-06,5.3780612589093835e-05,0.00028044836639651294
42.40000000000033,62.53749999999997,57.537495638203886,52.537442223706215,47.53715330812016,1.2500000000000049,1.2500013401125811,1.2500050012617647,1.2499203290652228,5.000004361796087,5.000053414497671,5.000288915586054,4.361796086982395e-06,5.3414497671155914e-05,0.0002889155860543724
42.500000000000334,62.66249999999997,57.66249578330322,52.66244296161569,47.66214746298218,1.2500000000000049,1.2500014509933794,1.2500073790947135,1.2499415486202488,5.000004216696752,5.000052821687532,5.0002954986335055,4.216696751768723e-06,5.2821687532400574e-05,0.00029549863350553096
42.600000000000335,62.78749999999997,57.7874959378781,52.78744391620879,47.78714362198117,1.2500000000000049,1.250001545748747,1.2500095459309835,1.2499615899898813,5.000004062121874,5.000052021669312,5.000300294227614,4.062121874426339e-06,5.202166931184138e-05,0.00030029422761401747
42.70000000000034,62.91249999999997,57.91249610039759,52.912445066908774,47.912141666098826,1.2500000000000049,1.2500016251949413,1.25001150699987,1.24998044117655,5.000003899602383,5.000051033488816,5.000303400809948,3.8996023832282845e-06,5.1033488816187855e-05,0.0003034008099476182
42.80000000000034,63.03749999999997,58.03749626941354,53.037446393721766,48.03714147574712,1.2500000000000049,1.2500016901594655,1.2500132681299165,1.249998096482913,5.000003730586435,5.000049875691772,5.0003049179746455,3.7305864353243123e-06,4.9875691772172104e-05,0.0003049179746454911
42.90000000000034,63.16249999999997,58.16249644356114,53.16244787728945,48.16214293135846,1.2500000000000049,1.2500017414760305,1.250014835676869,1.2500145561134055,5.000003556438834,5.000048566271687,5.000304945930992,3.556438834095843e-06,4.8566271686922846e-05,0.00030494593099206213
43.00000000000034,63.28749999999997,58.28749662155913,53.28744949893489,48.287145913935966,1.2500000000000049,1.2500017799798901,1.2500162164543862,1.2500298257750322,5.000003378440844,5.000047122624238,5.000303584998925,3.378440844414854e-06,4.712262423822722e-05,0.0003035849989245776
43.10000000000034,63.41249999999997,58.41249680220948,53.41245124070166,48.4121503055639,1.2500000000000049,1.2500018065035416,1.2500174176676384,1.2500439162793267,5.000003197790491,5.000045561507825,5.0003009351377585,3.197790491071828e-06,4.556150782519808e-05,0.000300935137758529
43.200000000000344,63.53749999999997,58.53749698439676,53.537453085386645,48.53715598987863,1.2500000000000049,1.2500018218727833,1.2500184468499018,1.2500568431472796,5.0000030156032125,5.000043899010116,5.000297095508017,3.015603212475071e-06,4.389901011592201e-05,0.00029709550801726436
43.300000000000345,63.66249999999997,58.662497167087075,53.66245501656687,48.662162852500515,1.2500000000000049,1.2500018269031217,1.2500193118022382,1.2500686262188903,5.000002832912898,5.000042150520208,5.000292164066352,2.832912898043105e-06,4.215052020839494e-05,0.00029216406635157455
43.40000000000035,63.78749999999997,58.78749734932673,53.7874570186205,48.787170781427406,1.2500000000000049,1.2500018223965172,1.2500200205363194,1.2500792892688757,5.000002650673245,5.000040330706227,5.0002862371930945,2.650673245341295e-06,4.033070622710966e-05,0.00028623719309450735
43.50000000000035,63.91249999999997,58.91249753024057,53.91245907674254,48.9121796673904,1.2500000000000049,1.2500018091384586,1.2500205812204466,1.250088859629926,5.000002469759401,5.0000384534980284,5.000279409352146,2.4697594014355673e-06,3.8453498028445665e-05,0.00027940935214587626
43.60000000000035,64.03749999999998,59.037497709030106,54.037461176955425,49.03718940417288,1.2500000000000049,1.2500017878953524,1.250021002128789,1.2500973678247749,5.000002290969874,5.000036532074681,5.000271772782547,2.2909698742523688e-06,3.6532074680906135e-05,0.0002717727825469751
43.70000000000035,64.16249999999998,59.16249788497133,54.16246330611481,49.1621998888937,1.2500000000000049,1.2500017594122184,1.250021291593848,1.2501048472082235,5.00000211502865,5.000034578856521,5.000263417221106,2.1150286499960202e-06,3.4578856521250145e-05,0.0002634172211060104
43.80000000000035,64.28749999999998,59.2874980574124,54.287465451911025,49.28721102225572,1.2500000000000049,1.2500017244106738,1.2500214579621436,1.2501113336201288,5.000001942587581,5.000032605501374,5.000254429655307,1.942587580572308e-06,3.260550137440532e-05,0.0002544296553068648
43.900000000000354,64.41249999999998,59.41249822577112,54.412467602866336,49.412222708760744,1.2500000000000049,1.2500016835871994,1.2500215095530947,1.2501168650502554,5.000001774228863,5.000030622904781,5.000244894105592,1.774228863382632e-06,3.062290478084151e-05,0.00024489410559169755
44.000000000000355,64.53749999999998,59.53749838953228,54.53746974832844,49.53723485689232,1.2500000000000049,1.250001637611667,1.2500214546210622,1.2501214813157622,5.000001610467699,5.000028641203841,5.000234891436122,1.6104676987538369e-06,2.8641203840606977e-05,0.00023489143612209773
44.10000000000036,64.66249999999998,59.66249854824489,54.662471878460494,49.66224737926752,1.2500000000000049,1.250001587126119,1.2500213013205026,1.2501252237519922,5.0000014517550895,5.000026669784397,5.000224499192974,1.4517550894765918e-06,2.6669784396915475e-05,0.00022449919297429233
44.20000000000036,64.78749999999998,59.78749870151927,54.78747398422791,49.787260192759234,1.2500000000000049,1.2500015327437843,1.2500210576741717,1.2501281349171218,5.000001298480711,5.00002471729136,5.000213791468674,1.2984807113980423e-06,2.4717291360332183e-05,0.00021379146867417376
44.30000000000036,64.91249999999998,59.912498849024104,54.91247605738234,49.91227321859034,1.2500000000000049,1.2500014750483175,1.2500207315443088,1.2501302583111196,5.000001150975876,5.000022791641761,5.000202838791999,1.1509758763850186e-06,2.279164176144377e-05,0.00020283879199922694
44.40000000000036,65.03749999999998,60.03749899048343,55.03747809044302,50.037286382401284,1.2500000000000049,1.2500014145932463,1.2500203306067177,1.2501316381093748,5.000001009516552,5.000020900040411,5.000191708041733,1.0095165521306626e-06,2.090004041122029e-05,0.00019170804173285205
44.50000000000036,65.16249999999998,60.16249912567359,55.162480076675784,50.16229961429241,1.2500000000000049,1.2500013519016147,1.2500198623276606,1.2501323189112488,5.000000874326389,5.000019048997807,5.000180462383376,8.743263890664821e-07,1.9048997806692114e-05,0.00018046238337632303
44.600000000000364,65.28749999999998,60.28749925442017,55.28748201007013,50.28731284884278,1.2500000000000049,1.2500012874658053,1.2500193339434673,1.2501323455037305,5.000000745579811,5.00001724435004,5.000169161227348,7.455798112232515e-07,1.7244350040357403e-05,0.00016916122734755845
44.700000000000365,65.41249999999998,60.41249937659492,55.4124838853144,50.41232602510681,1.2500000000000049,1.2500012217475318,1.2500187524427564,1.2501317626402768,5.000000623405057,5.0000154912805215,5.000157860207594,6.234050573539207e-07,1.5491280521473527e-05,0.00015786020759378516
44.80000000000037,65.53749999999998,60.53749949211272,55.53748569776952,50.53733908659029,1.2500000000000049,1.2500011551779826,1.2500181245511646,1.2501306148348548,5.000000507887258,5.000013794343204,5.000146611179225,5.078872575836613e-07,1.37943432036991e-05,0.000146611179225431
44.90000000000037,65.66249999999998,60.662499600928534,55.662487443441364,50.66235198120741,1.2500000000000049,1.2500010881581072,1.25001745671847,1.250128946171121,5.000000399071446,5.00001215748717,5.000135462233956,3.990714461110656e-07,1.2157487169872638e-05,0.00013546223395621837
45.00000000000037,65.78749999999998,60.787499703034435,55.787489118952166,50.78736466122007,1.2500000000000049,1.2500010210590313,1.2500167551079995,1.2501268001266066,5.0000002969655455,5.000010584082268,5.000124457732099,2.9696554548763743e-07,1.0584082268394468e-05,0.00012445773209890376
45.10000000000037,65.91249999999998,60.91249979845669,55.912490721510984,50.91237708316124,1.2500000000000049,1.2500009542225865,1.2500160255881954,1.250124219411723,5.000000201543287,5.000009076945709,5.000113638349745,2.015432869484357e-07,9.076945708841322e-06,0.00011363834974531528
45.20000000000037,66.03749999999998,61.037499887252885,56.03749224888361,51.03738920774357,1.2500000000000049,1.2500008879619444,1.250015273726232,1.2501212458233282,5.000000112747095,5.000007638369276,5.0001030411400365,1.127470952155818e-07,7.63836927575312e-06,0.00010304114003645282
45.300000000000374,66.16249999999998,61.16249996950912,56.16249369936197,51.16240099975483,1.2500000000000049,1.250000822562344,1.2500145047835527,1.2501179201125623,5.00000003049086,5.0000062701471535,5.000092699607137,3.049085961492892e-08,6.270147153486505e-06,9.269960713709224e-05
45.400000000000375,66.28749999999998,61.28750004533731,56.28749507173329,51.28741242794149,1.2500000000000049,1.2500007582819,1.2500137237132136,1.2501142818665985,4.99999995466267,5.000004973604021,5.000082643791799,-4.5337330334405124e-08,4.973604021074607e-06,8.264379179934167e-05
45.50000000000038,66.41249999999998,61.41250011487256,56.41249636524918,51.41242346488188,1.2500000000000049,1.2500006953524818,1.2500129351589095,1.2501103694039177,4.999999885127423,5.0000037496233745,5.0000729003673,-1.1487257722819777e-07,3.749623374460498e-06,7.290036730012162e-05
45.60000000000038,66.53749999999998,61.537500178270626,56.53749757959474,51.53743408685015,1.2500000000000049,1.2500006339806549,1.250012143455564,1.250106219682682,4.999999821729354,5.000002598675884,5.000063492744594,-1.7827064624498234e-07,2.598675884257773e-06,6.349274459438448e-05
45.70000000000038,66.66249999999998,61.662500235705494,56.662498714857875,51.66244427367232,1.2500000000000049,1.2500005743486706,1.2500113526313654,1.2501018682217422,4.999999764294486,5.0000015208476185,5.000054441185554,-2.357055137736097e-07,1.5208476185080144e-06,5.444118555431032e-05
45.80000000000038,66.78749999999998,61.787500287367045,56.787499771498986,51.7874540085757,1.2500000000000049,1.2500005166155017,1.2500105664111307,1.2500973490337897,4.999999712632935,5.000000515868059,5.0000457629232855,-2.873670652547844e-07,5.15868059380864e-07,4.576292328550835e-05
45.90000000000038,66.91249999999998,61.91250033345884,56.91250075032107,51.91246327803272,1.2500000000000049,1.2500004609179087,1.2500097882208834,1.2500926945701412,4.999999666541143,4.999999583137765,5.000037472288355,-3.3345885697144695e-07,-4.1686223539727507e-07,3.747228835493388e-05
46.000000000000384,67.03749999999998,62.03750037419599,57.037501652440426,52.03747207160038,1.2500000000000049,1.2500004073715336,1.2500090211935337,1.2500879356766184,4.999999625803987,4.999998721755567,5.0000295808400494,-3.741960128422761e-07,-1.2782444329673126e-06,2.9580840049447943e-05
46.100000000000385,67.16249999999998,62.162500409803194,57.16250247925798,52.162480381756374,1.2500000000000049,1.2500003560720108,1.250008268175552,1.250083101559974,4.999999590196786,4.999997930545213,5.000022097501606,-4.0980321358574656e-07,-2.069454787090308e-06,2.2097501606310743e-05
46.20000000000039,67.28749999999998,62.2875004405128,57.28750323243143,52.287488203732806,1.2500000000000049,1.2500003070960897,1.2500075317345294,1.2500782197643006,4.999999559487179,4.999997208081368,5.000015028698627,-4.405128208873066e-07,-2.791918632283341e-06,1.502869862690659e-05
46.30000000000039,67.41249999999998,62.412500466563074,57.412503913848184,52.41249553534849,1.2500000000000049,1.2500002605027618,1.2500068141675227,1.2500733161568502,4.999999533436906,4.99999655271489,5.000008378499693,-4.6656309393711126e-07,-3.447285109814402e-06,8.378499693151298e-06
46.40000000000039,67.53749999999998,62.537500488196514,57.53750452559919,52.53750237684076,1.2500000000000049,1.2500002163343866,1.2500061175100863,1.2500684149226886,4.999999511803466,4.999995962597325,5.000002148758426,-4.881965338654481e-07,-4.037402675294288e-06,2.148758426301356e-06
46.50000000000039,67.66249999999998,62.66250050565829,57.66250506995378,52.662508730697525,1.2500000000000049,1.2500001746178093,1.2500054435458965,1.2500635385676018,4.999999494341687,4.999995435704513,4.999996339256256,-5.056583134432913e-07,-4.5642954873414965e-06,-3.6607437436941836e-06
46.60000000000039,67.78749999999998,62.78750051919484,57.78750554933547,52.78751460149039,1.2500000000000049,1.2500001353654693,1.2500047938168752,1.2500587079286782,4.999999480805137,4.999994969859372,4.9999909478450775,-5.191948631022569e-07,-5.030140627582114e-06,-9.052154922528644e-06
46.700000000000394,67.91249999999998,62.912500529052494,57.912505966298845,52.912519995709594,1.2500000000000049,1.250000098576489,1.2500041696337314,1.2500539421919878,4.999999470947486,4.999994562753649,4.99998597058925,-5.290525137979785e-07,-5.437246350936675e-06,-1.402941074957198e-05
46.800000000000395,68.03749999999998,63.03750053547627,58.03750632350753,53.037524921601275,1.2500000000000049,1.2500000642377445,1.2500035720868345,1.2500492589167898,4.999999464523711,4.99999421196874,4.999981401906254,-5.354762890874554e-07,-5.7880312596125805e-06,-1.859809374593624e-05
46.9000000000004,68.16249999999998,63.16250053870876,58.16250662371326,53.162529389007844,1.2500000000000049,1.2500000323249107,1.2500030020573443,1.250044674065706,4.9999994612912175,4.9999939149955,4.999977234705419,-5.387087824715309e-07,-6.085004500278046e-06,-2.27652945810064e-05
47.0000000000004,68.28749999999998,63.28750053898911,58.28750686973611,53.287533409211875,1.2500000000000049,1.2500000028034792,1.2500024602285247,1.250040202040308,4.999999461010873,4.999993669252994,4.999973460524238,-5.38989127107925e-07,-6.330747005733883e-06,-2.653947576192195e-05
47.1000000000004,68.41249999999998,63.41250053655208,58.41250706444583,53.412536994784034,1.2500000000000049,1.2499999756297449,1.2500019470971708,1.2500358557215774,4.9999994634478995,4.999993472106247,4.999970069661799,-5.365521005273877e-07,-6.5278937526613845e-06,-2.9930338200756523e-05
47.2000000000004,68.53749999999998,63.53750053162726,58.537507210744344,53.53754015943551,1.2500000000000049,1.2499999507517607,1.250001462985089,1.2500316465147148,4.999999468372721,4.999993320882915,4.999967051308836,-5.316272790878429e-07,-6.679117085184316e-06,-3.2948691163880994e-05
47.3000000000004,68.66249999999998,63.662500524438286,58.662507311549405,53.662542917875285,1.2500000000000049,1.2499999281102563,1.2500010080505686,1.2500275843977866,4.999999475561694,4.9999932128888815,4.999964393674119,-5.244383061153712e-07,-6.7871111184558686e-06,-3.5606325880621625e-05
47.400000000000404,68.78749999999998,63.78750051520224,58.787507369779384,53.78754528567266,1.2500000000000049,1.249999907639521,1.2500005822997877,1.250023677973715,4.9999994847977405,4.999993145422856,4.999962084106727,-5.152022595211747e-07,-6.854577144110863e-06,-3.7915893273066104e-05
47.500000000000405,68.91249999999998,63.91250050412906,58.91250738833919,53.91254727912517,1.2500000000000049,1.2499998892682467,1.250000185598109,1.2500199345251373,4.999999495870917,4.99999311578987,4.9999601092140225,-5.041290833673884e-07,-6.884210129953772e-06,-3.9890785977547694e-05
47.600000000000406,69.03749999999998,64.0375004914211,59.03750737010731,54.03754891513234,1.2500000000000049,1.2499998729203332,1.2499998176812137,1.250016360071676,4.999999508578881,4.999993121313786,4.999958454974973,-4.914211189088746e-07,-6.878686214406571e-06,-4.154502502728974e-05
47.70000000000041,69.16249999999998,64.16250047727266,59.16250731792392,54.162550211075256,1.2500000000000049,1.249999858515651,1.2499994781660326,1.2500129594291878,4.999999522727322,4.99999315934874,4.999957106848662,-4.772726782675818e-07,-6.840651259665265e-06,-4.289315133831906e-05
47.80000000000041,69.28749999999998,64.28750046186974,59.28750723458006,54.287551184702316,1.2500000000000049,1.2499998459707655,1.2499991665614392,1.2500097362705684,4.99999953813024,4.9999932272896785,4.999956049877746,-4.618697602154498e-07,-6.772710321456543e-06,-4.395012225444361e-05
47.90000000000041,69.41249999999998,64.4125004453897,59.41250712280793,54.41255185402109,1.2500000000000049,1.2499998351996167,1.2499988822786692,1.2500066931877254,4.999999554610284,4.999993322581766,4.999955268786842,-4.4538971621932433e-07,-6.677418234346533e-06,-4.4731213158399896e-05
48.00000000000041,69.53749999999998,64.53750042800111,59.537506985272074,54.53755223719652,1.2500000000000049,1.2499998261141618,1.2499986246414332,1.250003831754343,4.99999957199887,4.999993442729036,4.999954748075552,-4.2800112964869186e-07,-6.557270964435702e-06,-4.525192444759796e-05
48.10000000000041,69.66249999999998,64.66250040986361,59.662506824561646,54.66255235245543,1.2500000000000049,1.2499998186249728,1.2499983928957032,1.2500011525890877,4.999999590136369,4.999993585301965,4.999954472106218,-4.0986363103456824e-07,-6.4146980349732985e-06,-4.552789378209354e-05
48.200000000000415,69.78749999999998,64.7875003911278,59.78750664318356,54.78755221799732,1.2500000000000049,1.2499998126417937,1.2499981862191432,1.249998655418928,4.999999608872187,4.999993747944231,4.999954425186239,-3.911278128043705e-07,-6.252055769095932e-06,-4.5574813761106725e-05
48.300000000000416,69.91249999999998,64.9125003719352,59.91250644355658,54.91255185191155,1.2500000000000049,1.24999980807406,1.2499980037301668,1.249996339142257,4.999999628064785,4.999993928378615,4.999954591645029,-3.71935215071062e-07,-6.0716213852174405e-06,-4.5408354971243625e-05
48.40000000000042,70.03749999999998,65.03750035241833,60.037506228006244,55.03755127210071,1.2500000000000049,1.2499998048313747,1.249997844496609,1.2499942018915413,4.999999647581646,4.9999941244120905,4.999954955905537,-3.52418354054862e-07,-5.875587909542901e-06,-4.504409446326463e-05
48.50000000000042,70.16249999999998,65.16250033270073,60.16250599876064,55.16255049621023,1.2500000000000049,1.2499998028239474,1.2499977075439948,1.2499922410952236,4.9999996672992495,4.999994333940087,4.999955502550414,-3.3270075050495507e-07,-5.666059912812216e-06,-4.449744958634483e-05
48.60000000000042,70.28749999999998,65.28750031289702,60.28750575794698,55.2875495415641,1.2500000000000049,1.2499998019629945,1.2499975918633954,1.249990453538646,4.999999687102957,4.999994554950042,4.999956216382884,-3.1289704338632873e-07,-5.445049957586434e-06,-4.378361711587786e-05
48.70000000000042,70.41249999999998,65.41250029311314,60.41250550758887,55.41254842510647,1.2500000000000049,1.2499998021611032,1.2499974964188654,1.24998883542377,4.99999970688684,4.999994785524272,4.999957082482396,-2.931131604100301e-07,-5.214475727655099e-06,-4.291751760376883e-05
48.80000000000042,70.53749999999998,65.5375002734464,60.537505249604315,55.537547163349224,1.2500000000000049,1.2499998033325572,1.249997420154458,1.2499873824274974,4.9999997265535825,4.999995023842082,4.999958086255091,-2.734464175091489e-07,-4.976157917724322e-06,-4.1913744908583794e-05
48.900000000000425,70.66249999999998,65.66250025398575,60.6625049858044,55.66254577232507,1.2500000000000049,1.249999805393632,1.24999736200081,1.2499860897584087,4.999999746014225,4.999995268181358,4.999959213479329,-2.5398577463420224e-07,-4.7318186418010555e-06,-4.078652067107669e-05
49.000000000000426,70.78749999999998,65.78750023481204,60.787504717892524,55.787544267546245,1.2500000000000049,1.2499998082628532,1.2499973208813038,1.2499849522117672,4.999999765187937,4.999995516919519,4.999960450346279,-2.3481206312681024e-07,-4.4830804810658265e-06,-3.9549653720882816e-05
49.10000000000043,70.91249999999998,65.91250021599816,60.91250444746431,55.91254266396851,1.2500000000000049,1.249999811861222,1.2499972957178036,1.249983964222644,4.999999784001815,4.999995768533857,4.999961783495799,-2.1599818467166187e-07,-4.2314661428122236e-06,-3.821650420121614e-05
49.20000000000043,71.03749999999998,66.0375001976094,61.03750417600791,56.03754097596021,1.2500000000000049,1.2499998161124155,1.24999728543597,1.2499831199170468,4.999999802390576,4.999996021601497,4.999963200047695,-1.9760942393531877e-07,-3.978398503079461e-06,-3.679995230498889e-05
49.30000000000043,71.16249999999998,66.1625001797037,61.16250390490492,56.162539217276304,1.2500000000000049,1.2499998209429515,1.2499972889701605,1.2499824131609454,4.999999820296281,4.999996274798775,4.999964687628619,-1.7970371857245482e-07,-3.725201224824559e-06,-3.5312371380769036e-05
49.40000000000043,71.28749999999998,66.28750016233194,61.28750363543172,56.287537401037014,1.2500000000000049,1.2499998262823298,1.2499973052679225,1.2499818376071135,4.999999837668042,4.999996526900219,4.999966234394705,-1.6233195765380515e-07,-3.4730997811038833e-06,-3.37656052948887e-05
49.50000000000043,71.41249999999998,66.41250014553825,61.41250336876113,56.41253553971099,1.2500000000000049,1.2499998320631458,1.2499973332940861,1.2499813867397134,4.999999854461734,4.999996776777117,4.999967829050142,-1.4553826588326046e-07,-3.223222883264043e-06,-3.217094985785707e-05
49.600000000000435,71.53749999999998,66.53750012936037,61.537503105964575,56.53753364510264,1.2500000000000049,1.2499998382211812,1.2499973720344668,1.2499810539165703,4.999999870639613,4.999997023395792,4.999969460861934,-1.2936038729094435e-07,-2.97660420756074e-06,-3.053913806638775e-05
49.700000000000436,71.66249999999998,66.66250011382992,61.6625028480145,56.66253172834355,1.2500000000000049,1.2499998446954677,1.2499974204991935,1.2499808324090986,4.999999886170059,4.9999972658154235,4.9999711196709455,-1.1382994102859811e-07,-2.7341845765249673e-06,-2.8880329054459253e-05
49.80000000000044,71.78749999999998,66.78750009897276,61.78750259578707,56.78752979988754,1.2500000000000049,1.2499998514283335,1.2499974777256666,1.2499807154398535,4.999999901027223,4.999997503185689,4.999972795899531,-9.897277664094872e-08,-2.496814310859463e-06,-2.7204100469191417e-05
49.90000000000044,71.91249999999998,66.9125000848093,61.91250235006518,56.912527869509304,1.2500000000000049,1.2499998583654284,1.2499975427811645,1.2499806962176951,4.999999915190685,4.999997734744113,4.999974480555878,-8.480931512622192e-08,-2.2652558868685446e-06,-2.5519444122323875e-05
50.00000000000044,72.03749999999998,67.03750007135487,62.03750211154169,57.03752594630636,1.2500000000000049,1.2499998654557287,1.2499976147651113,1.2499807679705666,4.99999992864511,4.999997959813179,4.999976165235331,-7.13548899966554e-08,-2.0401868212616137e-06,-2.3834764668606567e-05
50.10000000000044,72.16249999999998,67.16250005862003,62.162501880822795,57.16252403870395,1.2500000000000049,1.2499998726515262,1.2499976928110197,1.2499809239758968,4.999999941379954,4.999998177797231,4.999977842118845,-5.8620045706447854e-08,-1.8222027691194853e-06,-2.21578811547829e-05
50.20000000000044,72.28749999999998,67.28750004661087,62.28750165843161,57.28752215446281,1.2500000000000049,1.2499998799084022,1.2499977760881218,1.2499811575886488,4.999999953389107,4.9999983881792645,4.999979503968795,-4.661089292312681e-08,-1.6118207355475533e-06,-2.049603120468646e-05
50.300000000000445,72.41249999999998,67.41250003532939,62.41250144481188,57.412520300689515,1.2500000000000049,1.2499998871851858,1.2499978638027074,1.2499814622670464,4.999999964670593,4.999998590517507,4.999981144122366,-3.532940695549769e-08,-1.4094824933863492e-06,-1.885587763439389e-05
50.400000000000446,72.53749999999998,67.53750002477378,62.5375012403318,57.53751848384912,1.2500000000000049,1.249999894443901,1.2499979551991809,1.2499818315960176,4.999999975226203,4.999998784441978,4.99998275648268,-2.4773797235866368e-08,-1.2155580222383833e-06,-1.724351731979823e-05
50.50000000000045,72.66249999999998,67.66250001493874,62.66250104528788,57.66251670977996,1.2500000000000049,1.2499999016496994,1.2499980495608574,1.2499822593084047,4.999999985061237,4.999998969650861,4.999984335507925,-1.493876311542408e-08,-1.0303491393415243e-06,-1.5664492075018188e-05
50.60000000000045,72.78749999999998,67.78750000581582,62.78750085990893,57.78751498371036,1.2500000000000049,1.2499999087707858,1.2499981462105079,1.249982739303997,4.999999994184165,4.999999145906884,4.999985876198572,-5.815834924760566e-09,-8.540931162315246e-07,-1.412380142795655e-05
50.70000000000045,72.91249999999998,67.91249999739365,62.91250068436,57.912513310277006,1.2500000000000049,1.2499999157783317,1.2499982445106743,1.2499832656664465,5.000000002606328,4.999999313033655,4.999987374082991,2.6063275981869083e-09,-6.869663451425367e-07,-1.2625917008790566e-05
50.80000000000045,73.03749999999998,68.03749998965829,63.03750051874638,58.03751169354482,1.2500000000000049,1.2499999226463818,1.2499983438637696,1.2499838326781343,5.000000010341694,4.999999470911909,4.999988825201555,1.0341693723603385e-08,-5.29088090672758e-07,-1.117479844481295e-05
50.90000000000045,73.16249999999998,68.16249998259346,63.16250036311757,58.16251013702813,1.2500000000000049,1.2499999293517563,1.249998443711974,1.2499844348330629,5.000000017406521,4.9999996194758864,4.999990226089444,1.7406520669283054e-08,-3.805241135523829e-07,-9.77391055556609e-06
51.000000000000455,73.28749999999998,68.28749997618085,63.28750021747127,58.28750864371291,1.2500000000000049,1.2499999358739422,1.249998543536951,1.249985066847848,5.000000023819126,4.999999758709585,4.999991573758358,2.3819126226953813e-08,-2.412904152038209e-07,-8.426241642212062e-06
51.100000000000456,73.41249999999998,68.41249997040035,63.41250008175721,58.41250721608,1.2500000000000049,1.2499999421949834,1.2499986428593894,1.2499857236708942,5.000000029599633,4.9999998886431385,4.999992865677207,2.9599632966892386e-08,-1.113568615096483e-07,-7.1343227929787645e-06
51.20000000000046,73.53749999999998,68.53749996523028,63.537499955881046,58.53750585612899,1.2500000000000049,1.249999948299367,1.249998741238394,1.2499864004898342,5.000000034769698,5.000000009349236,4.999994099752058,3.476969823168474e-08,9.349236052003107e-09,-5.900247941781345e-06
51.30000000000046,73.66249999999998,68.66249996064768,63.66249983970812,58.66250456540272,1.2500000000000049,1.2499999541739029,1.2499988382707337,1.249987092737322,5.000000039352301,5.000000120939561,4.999995274305398,3.935230097340536e-08,1.209395605883401e-07,-4.725694601859232e-06
51.40000000000046,73.78749999999998,68.78749995662844,63.787499733067115,58.78750334501225,1.2500000000000049,1.2499999598076061,1.2499989335899653,1.2499877960952648,5.000000043371543,5.000000223561322,4.999996388054868,4.337154280165123e-08,2.2356132234335746e-07,-3.6119451323202156e-06
51.50000000000046,73.91249999999998,68.91249995314759,63.91249963575366,58.91250219566201,1.2500000000000049,1.2499999651915752,1.2499990268654426,1.2499885064975842,5.000000046852392,5.000000317393926,4.999997440091654,4.6852392188156955e-08,3.1739392625240725e-07,-2.5599083457450433e-06
51.60000000000046,74.03749999999998,69.03749995017948,64.03749954753378,59.03750111767517,1.2500000000000049,1.2499999703188691,1.2499991178012295,1.2499892201315956,5.0000000498205,5.000000402645696,4.999998429858614,4.9820499725683476e-08,4.02645696340187e-07,-1.5701413857982516e-06
51.700000000000465,74.16249999999998,69.16249994769792,64.16249946814727,59.16250011101898,1.2500000000000049,1.2499999751843849,1.2499992061349254,1.249989933438097,5.000000052302056,5.00000047955065,4.999999357128296,5.230205601947091e-08,4.795506498567192e-07,-6.428717043149845e-07
51.800000000000466,74.28749999999998,69.2874999456764,64.28749939731091,59.287499175330005,1.2500000000000049,1.2499999797847372,1.2499992916364147,1.249990643110258,5.0000000543235785,5.000000548365492,5.000000221980905,5.4323578524417826e-08,5.483654916815794e-07,2.2198090476877042e-07
51.90000000000047,74.41249999999998,69.41249994408821,64.41249933472156,59.412498309939146,1.2500000000000049,1.2499999841181375,1.2499993741065552,1.2499913460913958,5.000000055911769,5.000000609366651,5.000001024782414,5.591176943653409e-08,6.093666513606877e-07,1.0247824135944938e-06
52.00000000000047,74.53749999999998,69.53749994290663,64.53749928005914,59.53749751389632,1.2500000000000049,1.2499999881842754,1.2499994533758143,1.2499920395717292,5.000000057093345,5.000000662847498,5.000001766162818,5.709334516268427e-08,6.628474977787846e-07,1.76616281777342e-06
52.10000000000047,74.66249999999998,69.66249994210506,64.66249923298942,59.66249678599474,1.2500000000000049,1.249999991984201,1.249999529302866,1.249992720984197,5.000000057894923,5.000000709115639,5.000002446994678,5.789492263374996e-08,7.091156390970355e-07,2.4469946779959173e-06
52.20000000000047,74.78749999999998,69.78749994165707,64.78749919316674,59.787496124794686,1.2500000000000049,1.2499999955202115,1.2499996017731547,1.2499933879994245,5.000000058342906,5.000000748490336,5.000003068372052,5.8342905617791985e-08,7.48490336377472e-07,3.068372052439372e-06
52.30000000000047,74.91249999999998,69.91249994153665,64.91249916023648,59.91249552864668,1.2500000000000049,1.2499999987957402,1.2499996706974361,1.2499940385199255,5.000000058463328,5.000000781300173,5.000003631589799,5.8463328400648606e-08,7.813001730028191e-07,3.6315897986582968e-06
52.400000000000475,75.03749999999998,70.03749994171818,65.03749913383751,60.03749499571404,1.2500000000000049,1.2500000018152477,1.249999736010309,1.2499946706736162,5.000000058281799,5.000000807880667,5.000004138123472,5.8281798942516616e-08,8.078806672529026e-07,4.138123472330335e-06
52.500000000000476,75.16249999999998,70.1624999421766,65.16249911360438,60.16249452399472,1.2500000000000049,1.2500000045841182,1.2499997976687374,1.2499952828067253,5.000000057823385,5.000000828572212,5.0000045896096665,5.782338519111363e-08,8.285722117307159e-07,4.589609666538763e-06
52.60000000000048,75.28749999999998,70.28749994288745,65.28749909916944,60.28749411134233,1.2500000000000049,1.2500000071085584,1.2499998556505785,1.2499958734761696,5.00000005711253,5.000000843718013,5.000004987827104,5.7112529816549795e-08,8.437180127884858e-07,4.987827104230291e-06
52.70000000000048,75.41249999999998,70.412499943827,65.41249909016474,60.41249375548648,1.2500000000000049,1.2500000093955006,1.2499999099531176,1.2499964414414775,5.000000056172979,5.000000853662257,5.000005334678264,5.6172979157054215e-08,8.536622573274144e-07,5.334678263579917e-06
52.80000000000048,75.53749999999998,70.53749994497225,65.5374990862239,60.53749345405211,1.2500000000000049,1.2500000114525098,1.2499999605916212,1.2499969856563218,5.000000055027726,5.000000858748351,5.000005632171792,5.5027726375556085e-08,8.587483506516946e-07,5.632171792058216e-06
52.90000000000048,75.66249999999998,70.66249994630103,65.6624990869837,60.662493204578084,1.2500000000000049,1.2500000132876958,1.2500000075979099,1.2499975052597354,5.000000053698955,5.000000859317325,5.000005882405617,5.369895461626584e-08,8.593173248527819e-07,5.8824056168305106e-06
53.00000000000048,75.78749999999998,70.78749994779199,65.7874990920856,60.78749300453479,1.2500000000000049,1.2500000149096282,1.250000051018959,1.2499979995670703,5.000000052207994,5.000000855706389,5.000006087550808,5.220799437211099e-08,8.557063893022132e-07,6.0875508083313434e-06
53.100000000000485,75.91249999999998,70.91249994942471,65.91249910117715,60.912492851340865,1.2500000000000049,1.250000016327258,1.250000090915532,1.2499984680607619,5.000000050575267,5.000000848247566,5.000006249836282,5.0575266641317285e-08,8.482475664095546e-07,6.249836282279375e-06
53.200000000000486,76.03749999999998,71.0374999511797,66.03749911391323,61.03749274237896,1.2500000000000049,1.2500000175498411,1.2500001273608483,1.2499989103809577,5.000000048820283,5.0000008372664695,5.000006371534269,4.88202829274087e-08,8.372664694888954e-07,6.371534269078438e-06
53.30000000000049,76.16249999999998,71.16249995303838,66.16249912995715,61.16249267501056,1.2500000000000049,1.2500000185868685,1.2500001604392912,1.2499993263160625,5.000000046961603,5.000000823081223,5.000006454946593,4.696160260664328e-08,8.230812227338902e-07,6.4549465932373096e-06
53.40000000000049,76.28749999999998,71.28749995498318,66.28749914898167,61.28749264658989,1.2500000000000049,1.2500000194479994,1.2500001902451585,1.2499997157932505,5.0000000450168045,5.000000806001509,5.000006502391777,4.501680450630374e-08,8.060015090904926e-07,6.5023917770190565e-06
53.50000000000049,76.41249999999998,71.41249995699748,66.41249917066982,61.412492654476786,1.2500000000000049,1.2500000201430002,1.2500002168814612,1.250000078868992,5.000000043002501,5.000000786327661,5.000006516193032,4.300250111555215e-08,7.863276607622538e-07,6.516193032268802e-06
53.60000000000049,76.53749999999998,71.53749995906564,66.53749919471569,61.53749269604875,1.2500000000000049,1.2500000206816857,1.2500002404587673,1.2500004157196412,5.000000040934339,5.000000764349949,5.0000064986669415,4.093433858542994e-08,7.643499486675864e-07,6.4986669414679454e-06
53.70000000000049,76.66249999999998,71.66249996117303,66.6624992208251,61.662492768711964,1.2500000000000049,1.2500000210738682,1.2500002610940983,1.2500007266321183,5.000000038826954,5.000000740347929,5.0000064521131335,3.8826954096293775e-08,7.40347928740448e-07,6.45211313354821e-06
53.800000000000495,76.78749999999998,71.78749996330596,66.78749924871609,61.78749286991144,1.2500000000000049,1.2500000213293068,1.2500002789098763,1.2500010119947333,5.0000000366940185,5.0000007145898735,5.000006378804649,3.6694018490379676e-08,7.14589873496152e-07,6.378804648932146e-06
53.900000000000496,76.91249999999998,71.91249996545173,66.91249927811938,61.912492997140255,1.2500000000000049,1.2500000214576636,1.2500002940329245,1.2500012722881773,5.0000000345482505,5.000000687332346,5.000006280979129,3.454825048265775e-08,6.873323457057268e-07,6.28097912880321e-06
54.0000000000005,77.03749999999998,72.03749996759858,67.03749930877873,62.03749314794793,1.2500000000000049,1.2500000214684635,1.2500003065935208,1.2500015080767135,5.0000000324014024,5.000000658819843,5.000006160830807,3.240140244997747e-08,6.588198431245473e-07,6.1608308072891305e-06
54.1000000000005,77.16249999999998,72.16249996973568,67.16249934045119,62.162493319947885,1.2500000000000049,1.250000021371057,1.2500003167245084,1.2500017199995985,5.000000030264303,5.000000629284486,5.000006020503307,3.0264303063631814e-08,6.292844858535318e-07,6.020503306558567e-06
54.2000000000005,77.28749999999998,72.28749997185314,67.28749937290723,62.28749351082416,1.2500000000000049,1.2500000211745879,1.2500003245604565,1.2500019087627567,5.000000028146843,5.000000598945903,5.000005862083071,2.814684307850257e-08,5.989459026523036e-07,5.862083071406232e-06
54.3000000000005,77.41249999999998,72.41249997394193,67.41249940593092,62.41249371833724,1.2500000000000049,1.2500000208879634,1.250000330236882,1.2500020751307264,5.000000026058046,5.000000568011018,5.000005687593678,2.605804638733389e-08,5.680110177763709e-07,5.68759367780558e-06
54.4000000000005,77.53749999999998,72.53749997599391,67.53749943931987,62.53749394032913,1.2500000000000049,1.250000020519829,1.2500003338895194,1.2500022199189027,5.00000002400607,5.000000536674037,5.000005498990745,2.4006070020732295e-08,5.366740367662715e-07,5.498990745422816e-06
54.500000000000504,77.66249999999998,72.66249997800176,67.66249947288524,62.66249417472773,1.2500000000000049,1.2500000200785466,1.250000335653646,1.2500023439860892,5.000000021998218,5.0000005051165175,5.000005298157511,2.1998218358021404e-08,5.051165175018468e-07,5.298157510935653e-06
54.600000000000506,77.78749999999998,72.78749997995898,67.7874995064516,62.78749441955047,1.2500000000000049,1.250000019572174,1.250000335663464,1.2500024482273693,5.000000020041,5.000000473507384,5.000005086901126,2.0040999970660778e-08,4.735073844130966e-07,5.0869011261056585e-06
54.70000000000051,77.91249999999998,72.91249998185982,67.91249953985675,62.9124946729072,1.2500000000000049,1.2500000190084506,1.25000033405153,1.250002533567313,5.000000018140156,5.000000442003071,5.000004866949553,1.8140156043955358e-08,4.420030705887257e-07,4.866949552706501e-06
54.80000000000051,78.03749999999998,73.0374999836993,68.03749957295157,63.037494933002556,1.2500000000000049,1.2500000183947828,1.2500003309482373,1.250002600953528,5.000000016300675,5.000000410747731,5.000004639949019,1.630067458791018e-08,4.107477309389651e-07,4.639949018780953e-06
54.90000000000051,78.16249999999998,73.16249998547313,68.1624996055997,63.16249519813761,1.2500000000000049,1.2500000177382342,1.2500003264813475,1.2500026513505558,5.000000014526847,5.000000379873427,5.000004407462093,1.4526847280649235e-08,3.7987342693668325e-07,4.40746209307008e-06
55.00000000000051,78.28749999999998,73.28749998717768,68.28749963767726,63.28749546671102,1.2500000000000049,1.2500000170455183,1.2500003207755699,1.2500026857341238,5.000000012822298,5.000000349500425,5.0000041709662355,1.28222978901249e-08,3.4950042504533485e-07,4.170966235506057e-06
55.10000000000051,78.41249999999998,73.41249998880998,68.41249966907247,63.412495737219594,1.2500000000000049,1.250000016322992,1.250000313952187,1.2500027050857512,5.0000000111899965,5.000000319737509,5.000003931852881,1.1189996484972653e-08,3.197375093577648e-07,3.931852880612041e-06
55.200000000000514,78.53749999999998,73.53749999036765,68.53749969968534,63.537496008258366,1.2500000000000049,1.2500000155766529,1.2500003061287268,1.25000271038771,5.0000000096323305,5.0000002906823084,5.000003691426976,9.632330488784646e-09,2.906823084458665e-07,3.6914269756493923e-06
55.300000000000516,78.66249999999998,73.66249999184886,68.66249972942721,63.6624962785202,1.2500000000000049,1.2500000148121375,1.2500002974186764,1.2500027026183402,5.000000008151119,5.000000262421651,5.000003450907009,8.151118890964426e-09,2.624216506319499e-07,3.4509070090393834e-06
55.40000000000052,78.78749999999998,73.78749999325234,68.78749975822033,63.787496546794976,1.2500000000000049,1.250000014034723,1.2500002879312357,1.2500026827477175,5.000000006747641,5.0000002350320045,5.0000032114253585,6.747640668436361e-09,2.3503200452523743e-07,3.211425358529141e-06
55.50000000000052,78.91249999999998,73.91249999457727,68.91249978599744,63.912496811968346,1.2500000000000049,1.2500000132493276,1.250000277771115,1.2500026517336669,5.000000005422706,5.000000208579834,5.000002974029094,5.422705839919217e-09,2.0857983429323212e-07,2.974029094104935e-06
55.60000000000052,79.03749999999998,74.03749999582332,69.03749981270127,64.03749707302016,1.2500000000000049,1.250000012460517,1.2500002670383636,1.2500026105181175,5.0000000041766555,5.000000183122054,5.000002739681108,4.17665546592616e-09,1.8312205440906837e-07,2.739681107755132e-06
55.70000000000052,79.16249999999998,74.16249999699058,69.16249983828409,64.16249732902254,1.2500000000000049,1.250000011672509,1.2500002558282386,1.2500025600237925,5.000000003009404,5.000000158706484,5.000002509261549,3.009404281328898e-09,1.587064843988628e-07,2.509261548766517e-06
55.80000000000052,79.28749999999998,74.2874999980795,69.28749986270721,64.28749757913766,1.2500000000000049,1.250000010889179,1.2500002442311045,1.2500025011512257,5.000000001920483,5.000000135372289,5.000002283569543,1.920483327921829e-09,1.3537228937821055e-07,2.283569543237718e-06
55.900000000000524,79.41249999999998,74.4124999990909,69.41249988594045,64.41249782261528,1.2500000000000049,1.2500000101140691,1.250000232332365,1.2500024347760932,5.000000000909083,5.000000113150449,5.000002063325169,9.090825869861874e-10,1.1315044901039073e-07,2.0633251693880084e-06
56.000000000000526,79.53749999999998,74.53750000002594,69.53749990796169,64.53749805878996,1.2500000000000049,1.2500000093503982,1.2500002202124236,1.2500023617468534,4.999999999974037,5.000000092064255,5.000001849171724,-2.596323156467406e-11,9.206425488628156e-08,1.8491717241886363e-06
56.10000000000053,79.66249999999998,74.66250000088606,69.66249992875636,64.66249828707824,1.2500000000000049,1.2500000086010685,1.2500002079466743,1.2500022828826853,4.999999999113925,5.000000072129694,5.000001641678125,-8.860752132022753e-10,7.212969421743765e-08,1.64167812499727e-06
56.20000000000053,79.78749999999998,74.78750000167292,69.7874999483169,64.78749850697541,1.2500000000000049,1.2500000078686797,1.2500001956055107,1.2500021989717107,4.9999999983270556,5.000000053356018,5.000001441341496,-1.6729444496377255e-09,5.335601827027858e-08,1.4413414959335569e-06
56.30000000000053,79.91249999999998,74.91250000238848,69.91249996664234,64.91249871805236,1.2500000000000049,1.2500000071555386,1.250000183254365,1.2500021107694894,4.999999997611496,5.00000003574614,5.000001248589982,-2.388503617112292e-09,3.574614027002099e-08,1.2485899816283563e-06
56.40000000000053,80.03749999999998,75.03750000303485,70.03749998373772,65.03749891995214,1.2500000000000049,1.2500000064636707,1.2500001709537658,1.2500020189977785,4.99999999696513,5.000000019297133,5.000001063785575,-3.03487013297854e-09,1.929713278059353e-08,1.0637855751838288e-06
56.50000000000053,80.16249999999998,75.16250000361434,70.16249999961366,65.1624991123865,1.2500000000000049,1.250000005794834,1.250000158759415,1.2500019243435363,4.99999999638564,5.0000000040006825,5.000000887227159,-3.6143603665550472e-09,4.000682451987814e-09,8.872271592963443e-07
56.600000000000534,80.28749999999998,75.2875000041294,70.28750001428588,65.28749929513232,1.2500000000000049,1.2500000051505296,1.2500001467222825,1.2500018274581646,4.999999995870581,4.999999989843516,5.000000719153562,-4.129418584852829e-09,-1.0156483654100157e-08,7.191535615902467e-07
56.700000000000536,80.41249999999998,75.4125000045826,70.41250002777475,65.41249946802802,1.2500000000000049,1.2500000045320168,1.2500001348887182,1.250001728956972,4.999999995417383,4.9999999768078425,5.000000559746738,-4.582616952575336e-09,-2.3192157527773816e-08,5.597467378493093e-07
56.80000000000054,80.53749999999998,75.53750000497664,70.53750004010482,65.5374996309699,1.2500000000000049,1.250000003940325,1.2500001233005742,1.2500016294188485,4.9999999950233445,4.999999964871819,5.000000409134913,-4.976655532118457e-09,-3.512818125273043e-08,4.091349126156274e-07
56.90000000000054,80.66249999999998,75.66250000531426,70.66250005130435,65.66249978390852,1.2500000000000049,1.2500000033762666,1.2500001119953452,1.2500015293861322,4.999999994685723,4.999999954009908,5.0000002673958335,-5.314277018442226e-09,-4.599009173489321e-08,2.673958334753479e-07
57.00000000000054,80.78749999999998,75.7875000055983,70.78750006140498,65.78749992684499,1.2500000000000049,1.2500000028404519,1.2500001010063144,1.2500014293646609,4.999999994401676,4.99999994419332,5.000000134559997,-5.598323582489684e-09,-5.580668016591517e-08,1.345599969226896e-07
57.10000000000054,80.91249999999998,75.91250000583163,70.91250007044125,65.91250005982738,1.2500000000000049,1.2500000023333,1.2500000903627113,1.250001329823993,4.999999994168348,4.9999999353903775,5.000000010613874,-5.8316516060585855e-09,-6.460962254095648e-08,1.0613874223963649e-08
57.20000000000054,81.03749999999998,76.03750000601714,71.03750007845024,66.03750018294716,1.2500000000000049,1.2500000018550539,1.2500000800898772,1.2500012311977842,4.99999999398284,4.999999927566904,4.99999989550308,-6.0171601035108324e-09,-7.243309596560721e-08,-1.0449691956182505e-07
57.300000000000544,81.16249999999998,76.16250000615771,71.16250008547118,66.16250029633558,1.2500000000000049,1.250000001405792,1.2500000702094365,1.2500011338843056,4.999999993842266,4.999999920686534,4.9999997891356,-6.157733878353611e-09,-7.931346601708356e-08,-2.1086439971895743e-07
57.400000000000546,81.28749999999998,76.28750000625625,71.28750009154513,66.28750040016028,1.2500000000000049,1.2500000009854422,1.2500000607394717,1.250001038247096,4.999999993743728,4.999999914711125,4.9999996913848435,-6.256271944948821e-09,-8.528887462944112e-08,-3.086151565412365e-07
57.50000000000055,81.41249999999998,76.41250000631563,71.4125000967146,66.41250049462185,1.2500000000000049,1.2500000005937937,1.2500000516947056,1.2500009446157283,4.999999993684355,4.99999990960103,4.999999602092743,-6.315644895948935e-09,-9.039897008733533e-08,-3.9790725736565946e-07
57.60000000000055,81.53749999999998,76.53750000633868,71.53750010102327,66.53750057995052,1.2500000000000049,1.2500000002305083,1.2500000430866842,1.2500008532866835,4.999999993661305,4.999999905315406,4.999999521072752,-6.338694902296993e-09,-9.468459438721766e-08,-4.789272480820728e-07
57.70000000000055,81.66249999999998,76.66250000632819,71.66250010451567,66.66250065640295,1.2500000000000049,1.2499999998951332,1.2500000349239604,1.2500007645243212,4.999999993671793,4.999999901812515,4.9999994481127175,-6.328207291517174e-09,-9.818748480938666e-08,-5.518872825405197e-07
57.80000000000055,81.78749999999998,76.7875000062869,71.7875001072369,66.78750072425915,1.2500000000000049,1.2499999995871125,1.25000002721228,1.2500006785619282,4.999999993713075,4.99999989905001,4.999999382977748,-6.286924758569512e-09,-1.0094998970089364e-07,-6.170222519585877e-07
57.90000000000055,81.91249999999998,76.91250000621748,71.91250010923237,66.91250078381943,1.2500000000000049,1.2499999993057977,1.2500000199547672,1.2500005956028437,4.999999993782495,4.999999896985116,4.999999325412944,-6.21750473328575e-09,-1.0301488373443135e-07,-6.745870564373035e-07
58.000000000000554,82.03749999999998,77.03750000612253,72.03750011054758,67.03750083540159,1.2500000000000049,1.249999999050459,1.2500000131521054,1.2500005158216447,4.999999993877452,4.999999895574945,4.999999275145996,-6.1225478020787705e-09,-1.0442505526953028e-07,-7.248540043747198e-07
58.100000000000556,82.16249999999998,77.16250000600456,72.16250011122786,67.16250087933813,1.2500000000000049,1.2499999988202954,1.2500000068027208,1.2500004393653814,4.9999999939954165,4.999999894776707,4.999999231889731,-6.004583497087879e-09,-1.0522329318973789e-07,-7.681102687229213e-07
58.20000000000056,82.28749999999998,77.28750000586601,72.28750011131815,67.28750091597361,1.2500000000000049,1.249999998614443,1.2500000009029621,1.2500003663548551,4.999999994133972,4.999999894547855,4.999999195344543,-5.866027663614659e-09,-1.054521447940715e-07,-8.046554569318687e-07
58.30000000000056,82.41249999999998,77.4125000057092,72.41250011086288,67.4125009456622,1.2500000000000049,1.2499999984319865,1.2499999954472734,1.2500002968859307,4.999999994290775,4.999999894846326,4.999999165200677,-5.70922509268712e-09,-1.0515367421248811e-07,-8.347993230017892e-07
58.40000000000056,82.53749999999998,77.5375000055364,72.53750010990572,67.53750096876529,1.2500000000000049,1.2499999982719667,1.2499999904283667,1.250000231030872,4.999999994463579,4.99999989563068,4.999999141140435,-5.536421099350264e-09,-1.0436932029733725e-07,-8.588595648006958e-07
58.50000000000056,82.66249999999998,77.66250000534974,72.66250010848945,67.66250098564926,1.2500000000000049,1.2499999981333887,1.2499999858373887,1.2500001688396933,4.9999999946502385,4.999999896860288,4.999999122840194,-5.3497615226660855e-09,-1.0313971188224969e-07,-8.771598061230179e-07
58.60000000000056,82.78749999999998,77.78750000515126,72.78750010665586,67.7875009966834,1.2500000000000049,1.2499999980152299,1.249999981664083,1.2500001103415186,4.9999999948487215,4.999999898495403,4.99999910997245,-5.151278514858859e-09,-1.0150459672786383e-07,-8.90027550326522e-07
58.700000000000564,82.91249999999998,77.9125000049429,72.91250010444556,67.912501002238,1.2500000000000049,1.249999997916448,1.2499999778969448,1.2500000555459463,4.999999995057081,4.999999900497343,4.999999102207553,-4.942918963024567e-09,-9.950265678071446e-08,-8.977924466080367e-07
58.800000000000566,83.03749999999998,78.0375000047265,73.03750010189789,68.03750100268245,1.2500000000000049,1.2499999978359866,1.2499999745233723,1.2500000044444037,4.999999995273484,4.9999999028286055,4.999999099215444,-4.726516067421471e-09,-9.7171394486395e-08,-9.007845562791772e-07
58.90000000000057,83.16249999999998,78.16250000450377,73.16250009905087,68.16250099838359,1.2500000000000049,1.2499999977727823,1.2499999715298118,1.2499999570114935,4.999999995496211,4.999999905452896,4.9999991006672815,-4.50378934147011e-09,-9.454710436784808e-08,-8.993327185180533e-07
59.00000000000057,83.28749999999998,78.28750000427635,73.28750009594107,68.28750098970423,1.2500000000000049,1.2499999977257705,1.2499999689018941,1.249999913206323,4.999999995723627,4.999999908335283,4.999999106236842,-4.2763730334627326e-09,-9.166471670596366e-08,-8.937631577055072e-07
59.10000000000057,83.41249999999998,78.41250000404574,73.41250009260352,68.41250097700161,1.2500000000000049,1.2499999976938907,1.2499999666245685,1.2499998729738109,4.999999995954241,4.999999911442217,4.999999115601909,-4.0457592831444344e-09,-8.855778332872433e-08,-8.843980907613513e-07
59.20000000000057,83.53749999999998,78.53750000381335,73.53750008907174,68.5375009606262,1.2500000000000049,1.2499999976760918,1.249999964682225,1.249999836245967,4.999999996186631,4.999999914741608,4.999999128445538,-3.813369175986736e-09,-8.525839234607702e-08,-8.715544623782989e-07
59.30000000000057,83.66249999999998,78.66250000358048,73.66250008537763,68.66250094092052,1.2500000000000049,1.2499999976713365,1.2499999630588148,1.2499998029431445,4.999999996419504,4.999999918202846,4.999999144457107,-3.580495899768721e-09,-8.179715393907827e-08,-8.555428934187148e-07
59.400000000000574,83.78749999999998,78.78750000334834,73.78750008155143,68.78750091821804,1.2500000000000049,1.2499999976786051,1.249999961737959,1.2499997729752534,4.999999996651638,4.999999921796913,4.999999163333385,-3.348361587995896e-09,-7.820308667305653e-08,-8.36666615100512e-07
59.500000000000576,83.91249999999998,78.91250000311803,73.91250007762173,68.91250089284233,1.2500000000000049,1.249999997696899,1.2499999607030563,1.249999746242939,4.999999996881954,4.999999925496297,4.999999184779398,-3.1180462656266172e-09,-7.450370276274043e-08,-8.152206021350139e-07
59.60000000000058,84.03749999999998,79.03750000289055,74.03750007361546,69.0375008651062,1.2500000000000049,1.2499999977252452,1.2499999599373786,1.2499997226387183,4.999999997109427,4.999999929275091,4.999999208509266,-2.8905731142003788e-09,-7.072490859627578e-08,-7.914907342865263e-07
59.70000000000058,84.16249999999998,79.16250000266682,74.16250006955788,69.16250083531101,1.2500000000000049,1.2499999977626972,1.2499999594241624,1.2499997020480744,4.999999997333163,4.999999933108938,4.9999992342468715,-2.6668374175642384e-09,-6.689106157864444e-08,-7.657531284621655e-07
59.80000000000058,84.28749999999998,79.28750000244766,74.28750006547254,69.28750080374606,1.2500000000000049,1.24999999780834,1.2499999591466922,1.249999684350505,4.999999997552322,4.999999936975115,4.999999261726487,-2.447677616146393e-09,-6.302488486653601e-08,-7.382735134342511e-07
59.90000000000058,84.41249999999998,79.41250000223378,74.41250006138138,69.41250077068811,1.2500000000000049,1.2499999978612892,1.2499999590883797,1.2499996694205242,4.999999997766196,4.999999940852405,4.9999992906932675,-2.233804252682603e-09,-5.91475952660403e-08,-7.093067324603908e-07
